support,itemsets
0.11872533300444006,frozenset({13176})
0.05557782437099161,frozenset({47209})
0.015432289097187963,frozenset({22035})
0.008047607301430686,frozenset({10246})
0.02946164282190429,frozenset({46979})
0.02055069067587568,frozenset({49235})
0.020381105081401084,frozenset({48679})
0.017436482486433154,frozenset({19660})
0.004763813517513567,frozenset({43086})
0.02220029600394672,frozenset({21616})
0.014923532313764183,frozenset({28842})
0.004917982239763197,frozenset({42625})
0.003191292550567341,frozenset({4461})
0.002728786383818451,frozenset({23622})
0.042057227429699064,frozenset({27966})
0.03345461272816971,frozenset({22935})
0.03265293537247163,frozenset({24964})
0.018638998519980268,frozenset({34126})
0.01649605328071041,frozenset({35951})
0.013906018746916625,frozenset({27344})
0.007307597434632462,frozenset({8859})
0.00693759250123335,frozenset({36695})
0.0059200789343857915,frozenset({35042})
0.005010483473112975,frozenset({40396})
0.0046867291563887515,frozenset({18441})
0.004239639861864825,frozenset({46720})
0.003823384311790824,frozenset({329})
0.002867538233843118,frozenset({26317})
0.002682535767143562,frozenset({44479})
0.0020350271336951158,frozenset({20520})
0.0016341884558460779,frozenset({27683})
0.02759620128268377,frozenset({5876})
0.020381105081401084,frozenset({27104})
0.004085471139615195,frozenset({38273})
0.00385421805624075,frozenset({21174})
0.08448445979279724,frozenset({21137})
0.01959484459792797,frozenset({17794})
0.008602614701529353,frozenset({11182})
0.007754686729156389,frozenset({43772})
0.005025900345337938,frozenset({37766})
0.004116304884065121,frozenset({39190})
0.002112111494819931,frozenset({8153})
0.001834607794770597,frozenset({40354})
0.0015416872224963,frozenset({18394})
0.014229773063640849,frozenset({11520})
0.011763073507646769,frozenset({33000})
0.0064442525900345335,frozenset({47672})
0.06314750863344845,frozenset({47626})
0.016418968919585594,frozenset({31506})
0.009034287123828318,frozenset({14992})
0.02734953132708436,frozenset({42265})
0.026254933399111988,frozenset({31717})
0.022647385298470647,frozenset({8424})
0.014923532313764183,frozenset({34358})
0.008186359151455352,frozenset({21405})
0.004193389245189936,frozenset({13829})
0.001742106561420819,frozenset({12545})
0.01089972866304884,frozenset({9387})
0.006305500740009867,frozenset({28289})
0.002636285150468673,frozenset({31766})
0.0023433645781943757,frozenset({18599})
0.01156265416872225,frozenset({196})
0.018793167242229895,frozenset({43961})
0.02321780957079428,frozenset({5450})
0.022724469659595462,frozenset({19057})
0.017097311297483965,frozenset({8277})
0.00709176122348298,frozenset({43122})
0.006690922545633942,frozenset({26165})
0.003160458806117415,frozenset({2450})
0.046512703502713366,frozenset({26209})
0.0058275777010360135,frozenset({13984})
0.002975456339417859,frozenset({15261})
0.001927109028120375,frozenset({24082})
0.14454859398125308,frozenset({24852})
0.017343981253083375,frozenset({34969})
0.003453379378391712,frozenset({7559})
0.002528367044893932,frozenset({13431})
0.049318574247656635,frozenset({16797})
0.015786877158362113,frozenset({29487})
0.008294277257030094,frozenset({31343})
0.003499629995066601,frozenset({46522})
0.001726689689195856,frozenset({8022})
0.0017112728169708929,frozenset({33651})
0.00169585594474593,frozenset({22882})
0.001603354711396152,frozenset({33957})
0.038326344351258014,frozenset({27845})
0.0028058707449432657,frozenset({39581})
0.002713369511593488,frozenset({35914})
0.00539590527873705,frozenset({30827})
0.0019425259003453378,frozenset({7862})
0.001880858411445486,frozenset({3798})
0.018561914158855452,frozenset({37067})
0.011547237296497287,frozenset({28199})
0.07427849037987173,frozenset({21903})
0.02281697089294524,frozenset({24184})
0.007985939812530833,frozenset({42701})
0.007153428712382831,frozenset({42342})
0.00632091761223483,frozenset({38456})
0.0061359151455352735,frozenset({44910})
0.004948815984213123,frozenset({47977})
0.003607548100641342,frozenset({36316})
0.002297113961519487,frozenset({8087})
0.005904662062160829,frozenset({2966})
0.003900468672915639,frozenset({47759})
0.03584422792303897,frozenset({30391})
0.005426739023186976,frozenset({39812})
0.004717562900838678,frozenset({8670})
0.002235446472619635,frozenset({22312})
0.05657992106561421,frozenset({47766})
0.003098791317217563,frozenset({22849})
0.011161815490873212,frozenset({5785})
0.007600518006906759,frozenset({46676})
0.005488406512086828,frozenset({23375})
0.009296373951652689,frozenset({38689})
0.004748396645288604,frozenset({6104})
0.00416255550074001,frozenset({5134})
0.003807967439565861,frozenset({14197})
0.001896275283670449,frozenset({22260})
0.018423162308830784,frozenset({27086})
0.0017112728169708929,frozenset({4595})
0.002405032067094228,frozenset({7131})
0.01896275283670449,frozenset({21938})
0.009928465712876172,frozenset({31553})
0.005904662062160829,frozenset({47734})
0.005287987173162309,frozenset({48745})
0.0051029847064627525,frozenset({33129})
0.025669092254563396,frozenset({44632})
0.01222557967439566,frozenset({38739})
0.016156882091761225,frozenset({25890})
0.010699309324124322,frozenset({7781})
0.007430932412432166,frozenset({38293})
0.005580907745436606,frozenset({10132})
0.005226319684262457,frozenset({5646})
0.003761716822890972,frozenset({44560})
0.002697952639368525,frozenset({2228})
0.0026054514060187468,frozenset({16254})
0.0020350271336951158,frozenset({8490})
0.009589294523926985,frozenset({28849})
0.008895535273803651,frozenset({42768})
0.008417612234829798,frozenset({22963})
0.0063363344844597925,frozenset({36011})
0.003206709422792304,frozenset({37029})
0.0029600394671928957,frozenset({3896})
0.0023433645781943757,frozenset({16262})
0.00185002466699556,frozenset({7035})
0.00246669955599408,frozenset({24759})
0.010622224962999506,frozenset({8193})
0.002512950172668969,frozenset({5460})
0.0023433645781943757,frozenset({10504})
0.001603354711396152,frozenset({44292})
0.0029137888505180068,frozenset({46886})
0.0023433645781943757,frozenset({2180})
0.001911692155895412,frozenset({48857})
0.031280833744449926,frozenset({4920})
0.013335594474592994,frozenset({33731})
0.011377651702022694,frozenset({40604})
0.0054113221509620125,frozenset({31040})
0.00508756783423779,frozenset({32734})
0.004717562900838678,frozenset({34050})
0.004039220522940306,frozenset({10385})
0.0030679575727676368,frozenset({28535})
0.00262086827824371,frozenset({2091})
0.00215836211149482,frozenset({38693})
0.002112111494819931,frozenset({40002})
0.0019425259003453378,frozenset({13409})
0.001587937839171189,frozenset({48057})
0.001587937839171189,frozenset({43735})
0.00766218549580661,frozenset({33754})
0.004671312284163789,frozenset({4957})
0.0052109028120374936,frozenset({17122})
0.0018654415392205229,frozenset({3873})
0.018376911692155894,frozenset({39877})
0.015416872224963,frozenset({46667})
0.008602614701529353,frozenset({24830})
0.008232609768130242,frozenset({46802})
0.005180069067587568,frozenset({38159})
0.003360878145041934,frozenset({47788})
0.0029137888505180068,frozenset({44008})
0.001603354711396152,frozenset({11941})
0.01712814504193389,frozenset({12341})
0.006721756290083868,frozenset({30450})
0.0065367538233843114,frozenset({46654})
0.005257153428712383,frozenset({15872})
0.004409225456339418,frozenset({27323})
0.00339171188949186,frozenset({29553})
0.003345461272816971,frozenset({17008})
0.002528367044893932,frozenset({19068})
0.02292488899851998,frozenset({30489})
0.002574617661568821,frozenset({15392})
0.005904662062160829,frozenset({4562})
0.002420448939319191,frozenset({2120})
0.002112111494819931,frozenset({20378})
0.005287987173162309,frozenset({5258})
0.004116304884065121,frozenset({22395})
0.0036846324617661567,frozenset({16696})
0.001649605328071041,frozenset({3389})
0.01490811544153922,frozenset({35221})
0.0054113221509620125,frozenset({8571})
0.0046250616674889,frozenset({35561})
0.003206709422792304,frozenset({44799})
0.002420448939319191,frozenset({45504})
0.003006290083867785,frozenset({31433})
0.002405032067094228,frozenset({27744})
0.006922175629008387,frozenset({6046})
0.001742106561420819,frozenset({15649})
0.0142914405525407,frozenset({33198})
0.0033762950172668968,frozenset({37065})
0.00277503700049334,frozenset({2314})
0.002327947705969413,frozenset({5652})
0.002235446472619635,frozenset({19816})
0.001757523433645782,frozenset({34590})
0.004501726689689196,frozenset({32303})
0.002697952639368525,frozenset({15200})
0.002081277750370005,frozenset({29223})
0.00200419338924519,frozenset({13424})
0.0017883571780957079,frozenset({18023})
0.013551430685742476,frozenset({27521})
0.009635545140601874,frozenset({3957})
0.006351751356684756,frozenset({38383})
0.004917982239763197,frozenset({19508})
0.004547977306364085,frozenset({44449})
0.008818450912678836,frozenset({44683})
0.004362974839664529,frozenset({38768})
0.02446657622101628,frozenset({43352})
0.003869634928465713,frozenset({27796})
0.001726689689195856,frozenset({39041})
0.0017112728169708929,frozenset({1006})
0.001680439072520967,frozenset({11827})
0.0015571040947212629,frozenset({5819})
0.00477923038973853,frozenset({21195})
0.002389615194869265,frozenset({22802})
0.001572520966946226,frozenset({5067})
0.004717562900838678,frozenset({38400})
0.007230513073507647,frozenset({29987})
0.003515046867291564,frozenset({37524})
0.001726689689195856,frozenset({5438})
0.01973359644795264,frozenset({41950})
0.002713369511593488,frozenset({5068})
0.00169585594474593,frozenset({11365})
0.001649605328071041,frozenset({5994})
0.029107054760730142,frozenset({40706})
0.009419708929452392,frozenset({42585})
0.00673717316230883,frozenset({35108})
0.004902565367538234,frozenset({44570})
0.004362974839664529,frozenset({10644})
0.0028058707449432657,frozenset({1529})
0.002112111494819931,frozenset({6615})
0.027072027627035027,frozenset({45066})
0.003021706956092748,frozenset({48395})
0.002590034533793784,frozenset({17652})
0.002389615194869265,frozenset({7736})
0.0021891958559447458,frozenset({49605})
0.002096694622594968,frozenset({48299})
0.008725949679329058,frozenset({14947})
0.0034225456339417857,frozenset({45200})
0.008140108534780463,frozenset({21288})
0.007739269856931426,frozenset({32689})
0.004532560434139122,frozenset({7751})
0.003129625061667489,frozenset({38928})
0.00550382338431179,frozenset({28465})
0.003977553034040454,frozenset({18288})
0.003823384311790824,frozenset({26283})
0.002790453872718303,frozenset({47156})
0.002096694622594968,frozenset({2716})
0.002096694622594968,frozenset({47029})
0.0020350271336951158,frozenset({17807})
0.00185002466699556,frozenset({11123})
0.006367168228909719,frozenset({31683})
0.004362974839664529,frozenset({37158})
0.003823384311790824,frozenset({17316})
0.002435865811544154,frozenset({6128})
0.001726689689195856,frozenset({37215})
0.00693759250123335,frozenset({40310})
0.008910952146028614,frozenset({19678})
0.008078441045880612,frozenset({20842})
0.00477923038973853,frozenset({13646})
0.003761716822890972,frozenset({18811})
0.002944622594967933,frozenset({47042})
0.002019610261470153,frozenset({25005})
0.001680439072520967,frozenset({10814})
0.02975456339417859,frozenset({8518})
0.014985199802664035,frozenset({22825})
0.00642883571780957,frozenset({1463})
0.00292920572274297,frozenset({42460})
0.0015571040947212629,frozenset({5385})
0.005472989639861865,frozenset({12206})
0.002435865811544154,frozenset({5449})
0.001757523433645782,frozenset({44471})
0.013227676369018254,frozenset({16759})
0.012533917118894919,frozenset({9839})
0.002435865811544154,frozenset({39040})
0.002266280217069561,frozenset({35336})
0.001742106561420819,frozenset({12732})
0.0034225456339417857,frozenset({2855})
0.00852553034040454,frozenset({2295})
0.006058830784410459,frozenset({21376})
0.005735076467686236,frozenset({14678})
0.004964232856438086,frozenset({30169})
0.0045788110508140105,frozenset({27336})
0.003607548100641342,frozenset({39561})
0.003006290083867785,frozenset({39922})
0.002944622594967933,frozenset({17706})
0.001572520966946226,frozenset({34})
0.003330044400592008,frozenset({29127})
0.002975456339417859,frozenset({24810})
0.004717562900838678,frozenset({45})
0.002590034533793784,frozenset({36772})
0.002173778983719783,frozenset({30949})
0.005842994573260977,frozenset({39619})
0.004594227923038974,frozenset({18370})
0.002728786383818451,frozenset({38944})
0.001772940305870745,frozenset({24850})
0.021830291070547608,frozenset({37646})
0.00231253083374445,frozenset({14778})
0.003622964972866305,frozenset({13380})
0.0029600394671928957,frozenset({19488})
0.03826467686235816,frozenset({39275})
0.004856314750863345,frozenset({48775})
0.001973359644795264,frozenset({4945})
0.009635545140601874,frozenset({43295})
0.004640478539713863,frozenset({40516})
0.0042704736063147505,frozenset({5618})
0.0032683769116921557,frozenset({30406})
0.002667118894918599,frozenset({2361})
0.008695115934879132,frozenset({30233})
0.005642575234336458,frozenset({7948})
0.0015571040947212629,frozenset({27012})
0.025422422298963986,frozenset({28204})
0.0039621361618154905,frozenset({27548})
0.003283793783917119,frozenset({6631})
0.001957942772570301,frozenset({28928})
0.002327947705969413,frozenset({41259})
0.002852121361618155,frozenset({28553})
0.0068605081401085346,frozenset({35939})
0.004409225456339418,frozenset({49075})
0.005442155895411939,frozenset({18027})
0.02118278243709916,frozenset({26604})
0.011423902318697582,frozenset({11777})
0.00585841144548594,frozenset({36070})
0.002235446472619635,frozenset({9337})
0.0021891958559447458,frozenset({1468})
0.0020350271336951158,frozenset({25705})
0.008201776023680316,frozenset({32655})
0.003622964972866305,frozenset({49131})
0.00200419338924519,frozenset({14467})
0.001803774050320671,frozenset({34862})
0.005457572767636902,frozenset({42450})
0.007184262456832758,frozenset({32864})
0.0030833744449926,frozenset({26800})
0.006505920078934386,frozenset({44987})
0.006182165762210163,frozenset({23288})
0.003746299950666009,frozenset({7963})
0.001587937839171189,frozenset({20113})
0.0015571040947212629,frozenset({3765})
0.002744203256043414,frozenset({36086})
0.0019425259003453378,frozenset({8204})
0.005750493339911199,frozenset({33120})
0.0029600394671928957,frozenset({14715})
0.02882955106068081,frozenset({4605})
0.011069314257523433,frozenset({5025})
0.0030833744449926,frozenset({14897})
0.00231253083374445,frozenset({33548})
0.002235446472619635,frozenset({44156})
0.01490811544153922,frozenset({8174})
0.014615194869264924,frozenset({20114})
0.00555007400098668,frozenset({7021})
0.003607548100641342,frozenset({11408})
0.003206709422792304,frozenset({14462})
0.0019425259003453378,frozenset({14651})
0.001665022200296004,frozenset({19894})
0.00185002466699556,frozenset({31338})
0.003499629995066601,frozenset({43504})
0.002990873211642822,frozenset({24382})
0.002112111494819931,frozenset({2611})
0.0034225456339417857,frozenset({21872})
0.005688825851011347,frozenset({43713})
0.001957942772570301,frozenset({45613})
0.003622964972866305,frozenset({42719})
0.002266280217069561,frozenset({17429})
0.007215096201282684,frozenset({48364})
0.00385421805624075,frozenset({9339})
0.001957942772570301,frozenset({28278})
0.001880858411445486,frozenset({7806})
0.003484213122841638,frozenset({42110})
0.0017883571780957079,frozenset({29898})
0.004301307350764677,frozenset({14084})
0.011023063640848544,frozenset({4210})
0.005981746423285644,frozenset({21019})
0.004655895411938826,frozenset({42356})
0.00339171188949186,frozenset({7969})
0.002081277750370005,frozenset({46692})
0.001680439072520967,frozenset({20512})
0.009481376418352245,frozenset({43789})
0.00693759250123335,frozenset({39408})
0.002944622594967933,frozenset({38772})
0.002944622594967933,frozenset({21386})
0.003653798717316231,frozenset({34262})
0.002358781450419339,frozenset({33572})
0.009188455846077947,frozenset({41787})
0.0031142081894425257,frozenset({48628})
0.00231253083374445,frozenset({46842})
0.004655895411938826,frozenset({1511})
0.006875925012333498,frozenset({48205})
0.001649605328071041,frozenset({10492})
0.0051029847064627525,frozenset({35547})
0.002220029600394672,frozenset({26914})
0.011177232363098175,frozenset({42736})
0.008988036507153428,frozenset({5479})
0.005796743956586088,frozenset({47630})
0.003098791317217563,frozenset({11140})
0.002990873211642822,frozenset({12276})
0.002482116428219043,frozenset({27243})
0.00246669955599408,frozenset({49610})
0.002050444005920079,frozenset({40268})
0.00185002466699556,frozenset({12312})
0.001726689689195856,frozenset({19156})
0.002220029600394672,frozenset({41319})
0.0052109028120374936,frozenset({28934})
0.002420448939319191,frozenset({36956})
0.002019610261470153,frozenset({28123})
0.006105081401085348,frozenset({23165})
0.0037308830784410457,frozenset({5769})
0.003515046867291564,frozenset({3464})
0.001572520966946226,frozenset({20549})
0.004655895411938826,frozenset({6187})
0.005950912678835718,frozenset({19048})
0.00185002466699556,frozenset({46206})
0.004748396645288604,frozenset({40709})
0.00354588061174149,frozenset({11712})
0.0018654415392205229,frozenset({22559})
0.001742106561420819,frozenset({13702})
0.008618031573754317,frozenset({19348})
0.001927109028120375,frozenset({38185})
0.002590034533793784,frozenset({11461})
0.001757523433645782,frozenset({7600})
0.011593487913172176,frozenset({23909})
0.001927109028120375,frozenset({19389})
0.001757523433645782,frozenset({2846})
0.001819190922545634,frozenset({48812})
0.0069530093734583125,frozenset({26620})
0.0031142081894425257,frozenset({28745})
0.00277503700049334,frozenset({17878})
0.002528367044893932,frozenset({33055})
0.002512950172668969,frozenset({3142})
0.002127528367044894,frozenset({37825})
0.0017883571780957079,frozenset({26751})
0.002435865811544154,frozenset({27307})
0.0026054514060187468,frozenset({43565})
0.002574617661568821,frozenset({9515})
0.007831771090281204,frozenset({16953})
0.007770103601381351,frozenset({13870})
0.002744203256043414,frozenset({32403})
0.004547977306364085,frozenset({29447})
0.003468796250616675,frozenset({18918})
0.003191292550567341,frozenset({46616})
0.002944622594967933,frozenset({13166})
0.005133818450912679,frozenset({46969})
0.005642575234336458,frozenset({21267})
0.001834607794770597,frozenset({14332})
0.00581216082881105,frozenset({17600})
0.0015571040947212629,frozenset({48370})
0.002744203256043414,frozenset({42240})
0.0019425259003453378,frozenset({36107})
0.008725949679329058,frozenset({8021})
0.004532560434139122,frozenset({28156})
0.003037123828317711,frozenset({32429})
0.002235446472619635,frozenset({9327})
0.001957942772570301,frozenset({46650})
0.0017112728169708929,frozenset({47900})
0.00339171188949186,frozenset({1999})
0.013289343857918105,frozenset({18465})
0.008864701529353725,frozenset({41220})
0.008093857918105575,frozenset({17948})
0.002744203256043414,frozenset({40377})
0.002482116428219043,frozenset({3583})
0.010622224962999506,frozenset({21709})
0.0052109028120374936,frozenset({25931})
0.002559200789343858,frozenset({31869})
0.0019425259003453378,frozenset({49098})
0.002281697089294524,frozenset({9366})
0.004902565367538234,frozenset({16965})
0.0035767143561914157,frozenset({20345})
0.002389615194869265,frozenset({48523})
0.002220029600394672,frozenset({10912})
0.001742106561420819,frozenset({12745})
0.001587937839171189,frozenset({30290})
0.007122594967932906,frozenset({1940})
0.002682535767143562,frozenset({1408})
0.003129625061667489,frozenset({17949})
0.00169585594474593,frozenset({45364})
0.003669215589541194,frozenset({23537})
0.00185002466699556,frozenset({781})
0.005889245189935866,frozenset({1158})
0.002204612728169709,frozenset({38650})
0.001742106561420819,frozenset({26856})
0.001927109028120375,frozenset({15399})
0.003669215589541194,frozenset({31915})
0.004023803650715343,frozenset({7175})
0.0030679575727676368,frozenset({44234})
0.002096694622594968,frozenset({45763})
0.004717562900838678,frozenset({7628})
0.00277503700049334,frozenset({11512})
0.003037123828317711,frozenset({17616})
0.0029600394671928957,frozenset({32650})
0.002790453872718303,frozenset({38890})
0.002389615194869265,frozenset({10032})
0.002142945239269857,frozenset({34429})
0.004054637395165269,frozenset({49191})
0.001803774050320671,frozenset({21614})
0.0032683769116921557,frozenset({25588})
0.00246669955599408,frozenset({11005})
0.001911692155895412,frozenset({5451})
0.001649605328071041,frozenset({436})
0.002266280217069561,frozenset({20919})
0.00601258016773557,frozenset({15937})
0.0049950666008880115,frozenset({26497})
0.003129625061667489,frozenset({41588})
0.002266280217069561,frozenset({8239})
0.0021891958559447458,frozenset({28785})
0.0020350271336951158,frozenset({31805})
0.003098791317217563,frozenset({20734})
0.0020350271336951158,frozenset({22025})
0.002852121361618155,frozenset({9124})
0.0019425259003453378,frozenset({8710})
0.004131721756290084,frozenset({40198})
0.0038388011840157867,frozenset({17758})
0.0030679575727676368,frozenset({33352})
0.0021891958559447458,frozenset({31371})
0.005118401578687716,frozenset({26790})
0.00277503700049334,frozenset({45646})
0.001587937839171189,frozenset({18564})
0.004840897878638382,frozenset({40571})
0.0029137888505180068,frozenset({35503})
0.002590034533793784,frozenset({18594})
0.001649605328071041,frozenset({45866})
0.001649605328071041,frozenset({13500})
0.002204612728169709,frozenset({43867})
0.001896275283670449,frozenset({11782})
0.00709176122348298,frozenset({39475})
0.004979649728663049,frozenset({16083})
0.002882955106068081,frozenset({48559})
0.001649605328071041,frozenset({8736})
0.0015571040947212629,frozenset({2480})
0.002744203256043414,frozenset({4942})
0.001726689689195856,frozenset({4163})
0.001973359644795264,frozenset({33147})
0.007415515540207203,frozenset({5818})
0.002882955106068081,frozenset({29675})
0.003992969906265417,frozenset({24024})
0.002142945239269857,frozenset({4137})
0.00200419338924519,frozenset({1695})
0.002019610261470153,frozenset({3843})
0.003098791317217563,frozenset({18479})
0.005735076467686236,frozenset({40723})
0.003437962506166749,frozenset({36735})
0.00185002466699556,frozenset({48094})
0.00817094227923039,frozenset({25146})
0.010390971879625061,frozenset({4799})
0.003145041933892452,frozenset({29926})
0.002836704489393192,frozenset({36724})
0.001772940305870745,frozenset({28597})
0.001603354711396152,frozenset({22247})
0.002065860878145042,frozenset({46226})
0.002882955106068081,frozenset({31562})
0.0024975333004440057,frozenset({47912})
0.002451282683769117,frozenset({4149})
0.0019425259003453378,frozenset({12078})
0.005842994573260977,frozenset({32478})
0.005380488406512087,frozenset({10957})
0.0017112728169708929,frozenset({39032})
0.0037308830784410457,frozenset({25513})
0.00215836211149482,frozenset({5550})
0.001957942772570301,frozenset({13802})
0.0017883571780957079,frozenset({15541})
0.00246669955599408,frozenset({23645})
0.00524173655648742,frozenset({43154})
0.0040700542673902315,frozenset({31964})
0.002667118894918599,frozenset({28373})
0.003592131228416379,frozenset({32691})
0.0018654415392205229,frozenset({27020})
0.002250863344844598,frozenset({5240})
0.002096694622594968,frozenset({33290})
0.001680439072520967,frozenset({21955})
0.003252960039467193,frozenset({10326})
0.006182165762210163,frozenset({41149})
0.0051954859398125304,frozenset({45603})
0.002096694622594968,frozenset({29370})
0.0031142081894425257,frozenset({10070})
0.002142945239269857,frozenset({30442})
0.001880858411445486,frozenset({47492})
0.004193389245189936,frozenset({10017})
0.002405032067094228,frozenset({4138})
0.00339171188949186,frozenset({45104})
0.0029137888505180068,frozenset({7644})
0.002297113961519487,frozenset({44514})
0.001896275283670449,frozenset({23044})
0.001603354711396152,frozenset({49381})
0.006891341884558461,frozenset({18362})
0.017359398125308338,frozenset({9076})
0.0023433645781943757,frozenset({11576})
0.00477923038973853,frozenset({13198})
0.003792550567340898,frozenset({22959})
0.002204612728169709,frozenset({17862})
0.00185002466699556,frozenset({10369})
0.001649605328071041,frozenset({11136})
0.011439319190922545,frozenset({47144})
0.002065860878145042,frozenset({6740})
0.001880858411445486,frozenset({29594})
0.0017112728169708929,frozenset({10761})
0.001911692155895412,frozenset({19604})
0.007831771090281204,frozenset({23734})
0.0024975333004440057,frozenset({23543})
0.001680439072520967,frozenset({49236})
0.002281697089294524,frozenset({18019})
0.001572520966946226,frozenset({5428})
0.003129625061667489,frozenset({23405})
0.001603354711396152,frozenset({41276})
0.002435865811544154,frozenset({47357})
0.0015571040947212629,frozenset({24427})
0.0046250616674889,frozenset({12916})
0.002281697089294524,frozenset({46175})
0.006105081401085348,frozenset({41290})
0.003653798717316231,frozenset({30696})
0.001742106561420819,frozenset({25952})
0.00262086827824371,frozenset({19003})
0.002451282683769117,frozenset({38200})
0.0023433645781943757,frozenset({8955})
0.0019425259003453378,frozenset({18352})
0.002096694622594968,frozenset({48104})
0.00200419338924519,frozenset({10603})
0.003592131228416379,frozenset({25824})
0.002512950172668969,frozenset({13852})
0.002050444005920079,frozenset({42803})
0.00169585594474593,frozenset({39121})
0.002065860878145042,frozenset({16145})
0.001603354711396152,frozenset({25197})
0.003915885545140602,frozenset({5456})
0.002682535767143562,frozenset({48697})
0.002898371978293044,frozenset({23341})
0.0018654415392205229,frozenset({5097})
0.00231253083374445,frozenset({22504})
0.002173778983719783,frozenset({47866})
0.003931302417365565,frozenset({35163})
0.001803774050320671,frozenset({8555})
0.002327947705969413,frozenset({41273})
0.003360878145041934,frozenset({11422})
0.001880858411445486,frozenset({6287})
0.002297113961519487,frozenset({14901})
0.0015416872224963,frozenset({31102})
0.003946719289590528,frozenset({15613})
0.003592131228416379,frozenset({29307})
0.001988776517020227,frozenset({23801})
0.001618771583621115,frozenset({26648})
0.0017883571780957079,frozenset({18434})
0.002081277750370005,frozenset({5991})
0.001834607794770597,frozenset({32139})
0.0017883571780957079,frozenset({22142})
0.001649605328071041,frozenset({41690})
0.002112111494819931,frozenset({34530})
0.002019610261470153,frozenset({34024})
0.001587937839171189,frozenset({23296})
0.008232609768130242,frozenset({42828})
0.002220029600394672,frozenset({3849})
0.001649605328071041,frozenset({14267})
0.0021891958559447458,frozenset({33493})
0.004902565367538234,frozenset({4472})
0.0029137888505180068,frozenset({44661})
0.002358781450419339,frozenset({45063})
0.002682535767143562,frozenset({5322})
0.0017112728169708929,frozenset({21009})
0.001803774050320671,frozenset({34551})
0.0026054514060187468,frozenset({37011})
0.005457572767636902,frozenset({40174})
0.003715466206216083,frozenset({5161})
0.003638381845091268,frozenset({11068})
0.003622964972866305,frozenset({2452})
0.00262086827824371,frozenset({14633})
0.004424642328564381,frozenset({38777})
0.002836704489393192,frozenset({41658})
0.0028058707449432657,frozenset({8138})
0.0018654415392205229,frozenset({13780})
0.00169585594474593,frozenset({10473})
0.0056117414898865315,frozenset({16349})
0.004917982239763197,frozenset({41665})
0.004563394178589048,frozenset({19691})
0.003252960039467193,frozenset({44628})
0.00323754316724223,frozenset({34217})
0.003037123828317711,frozenset({4724})
0.002435865811544154,frozenset({47792})
0.001618771583621115,frozenset({25256})
0.003098791317217563,frozenset({5373})
0.001680439072520967,frozenset({49113})
0.001927109028120375,frozenset({10613})
0.0015416872224963,frozenset({36186})
0.0045788110508140105,frozenset({36865})
0.0032221262950172668,frozenset({13263})
0.0027596201282683768,frozenset({3990})
0.001834607794770597,frozenset({38544})
0.00231253083374445,frozenset({48595})
0.004810064134188456,frozenset({17872})
0.002790453872718303,frozenset({27360})
0.002590034533793784,frozenset({18987})
0.002050444005920079,frozenset({10831})
0.005180069067587568,frozenset({39993})
0.002050444005920079,frozenset({33894})
0.0041779723729649726,frozenset({15902})
0.002081277750370005,frozenset({21463})
0.004224222989639862,frozenset({47141})
0.001911692155895412,frozenset({38996})
0.001803774050320671,frozenset({13536})
0.011500986679822398,frozenset({46906})
0.002081277750370005,frozenset({25718})
0.003823384311790824,frozenset({5194})
0.003206709422792304,frozenset({14161})
0.001911692155895412,frozenset({39657})
0.00262086827824371,frozenset({30305})
0.001927109028120375,frozenset({34137})
0.005472989639861865,frozenset({25466})
0.002836704489393192,frozenset({23236})
0.001665022200296004,frozenset({12797})
0.001587937839171189,frozenset({9390})
0.003653798717316231,frozenset({46820})
0.002867538233843118,frozenset({40063})
0.002297113961519487,frozenset({42557})
0.002281697089294524,frozenset({17902})
0.003330044400592008,frozenset({42445})
0.00200419338924519,frozenset({20632})
0.002019610261470153,frozenset({17313})
0.004285890478539714,frozenset({33401})
0.0036846324617661567,frozenset({1244})
0.003453379378391712,frozenset({22124})
0.002266280217069561,frozenset({14858})
0.006567587567834238,frozenset({18531})
0.002142945239269857,frozenset({9808})
0.002142945239269857,frozenset({311})
0.001772940305870745,frozenset({7746})
0.001618771583621115,frozenset({17615})
0.002405032067094228,frozenset({2326})
0.002405032067094228,frozenset({24221})
0.0015416872224963,frozenset({4778})
0.0017112728169708929,frozenset({4781})
0.002728786383818451,frozenset({26384})
0.002528367044893932,frozenset({36082})
0.001603354711396152,frozenset({40229})
0.00215836211149482,frozenset({19125})
0.001665022200296004,frozenset({12572})
0.0015571040947212629,frozenset({45965})
0.002590034533793784,frozenset({24009})
0.0028058707449432657,frozenset({24954})
0.001618771583621115,frozenset({32578})
0.004455476073014307,frozenset({39984})
0.004810064134188456,frozenset({17461})
0.002220029600394672,frozenset({13944})
0.002127528367044894,frozenset({33452})
0.002019610261470153,frozenset({21497})
0.001834607794770597,frozenset({43279})
0.001973359644795264,frozenset({8467})
0.003129625061667489,frozenset({10305})
0.002882955106068081,frozenset({24841})
0.001834607794770597,frozenset({45570})
0.0019425259003453378,frozenset({23233})
0.001680439072520967,frozenset({20583})
0.0041779723729649726,frozenset({36550})
0.003915885545140602,frozenset({39947})
0.0015416872224963,frozenset({38656})
0.0026517020226936357,frozenset({39276})
0.001680439072520967,frozenset({45106})
0.0051954859398125304,frozenset({2078})
0.004054637395165269,frozenset({21292})
0.0019425259003453378,frozenset({1117})
0.001603354711396152,frozenset({37552})
0.002636285150468673,frozenset({12606})
0.001911692155895412,frozenset({47652})
0.002898371978293044,frozenset({32747})
0.002220029600394672,frozenset({16823})
0.002204612728169709,frozenset({365})
0.001572520966946226,frozenset({5250})
0.003175875678342378,frozenset({9092})
0.00246669955599408,frozenset({31651})
0.001973359644795264,frozenset({43263})
0.001927109028120375,frozenset({30021})
0.00215836211149482,frozenset({3999})
0.004023803650715343,frozenset({13733})
0.003299210656142082,frozenset({12845})
0.003314627528367045,frozenset({4367})
0.001649605328071041,frozenset({9550})
0.001680439072520967,frozenset({12817})
0.002297113961519487,frozenset({37141})
0.004255056734089788,frozenset({3599})
0.001927109028120375,frozenset({26096})
0.002836704489393192,frozenset({28601})
0.0017883571780957079,frozenset({14536})
0.00185002466699556,frozenset({41593})
0.006074247656635422,frozenset({18523})
0.001618771583621115,frozenset({24231})
0.001665022200296004,frozenset({36431})
0.001973359644795264,frozenset({25985})
0.0036846324617661567,frozenset({37220})
0.001772940305870745,frozenset({37250})
0.003869634928465713,frozenset({13740})
0.003453379378391712,frozenset({19173})
0.0018654415392205229,frozenset({24010})
0.001603354711396152,frozenset({31927})
0.002451282683769117,frozenset({45747})
0.002528367044893932,frozenset({36929})
0.002235446472619635,frozenset({22888})
0.001757523433645782,frozenset({22788})
0.002112111494819931,frozenset({46900})
0.002728786383818451,frozenset({48527})
0.0017112728169708929,frozenset({19734})
0.001587937839171189,frozenset({45190})
0.0030833744449926,frozenset({1090})
0.001587937839171189,frozenset({44310})
0.004532560434139122,frozenset({8048})
0.001587937839171189,frozenset({18339})
0.002435865811544154,frozenset({37119})
0.0018654415392205229,frozenset({18418})
0.003761716822890972,frozenset({15424})
0.004902565367538234,frozenset({33787})
0.001665022200296004,frozenset({32211})
0.0016341884558460779,frozenset({5746})
0.00416255550074001,frozenset({39180})
0.003360878145041934,frozenset({27730})
0.001819190922545634,frozenset({13838})
0.001834607794770597,frozenset({16249})
0.00169585594474593,frozenset({12481})
0.002512950172668969,frozenset({7500})
0.003746299950666009,frozenset({26348})
0.001603354711396152,frozenset({49215})
0.002697952639368525,frozenset({43631})
0.00231253083374445,frozenset({33043})
0.0017112728169708929,frozenset({48720})
0.0017883571780957079,frozenset({17284})
0.0026517020226936357,frozenset({21543})
0.003175875678342378,frozenset({35004})
0.001834607794770597,frozenset({25272})
0.001988776517020227,frozenset({19468})
0.001880858411445486,frozenset({36076})
0.001834607794770597,frozenset({24097})
0.001772940305870745,frozenset({47890})
0.003283793783917119,frozenset({12409})
0.0030679575727676368,frozenset({29662})
0.0031142081894425257,frozenset({14168})
0.002220029600394672,frozenset({13575})
0.0020350271336951158,frozenset({42495})
0.001834607794770597,frozenset({46990})
0.0015416872224963,frozenset({46346})
0.0015416872224963,frozenset({33636})
0.001680439072520967,frozenset({37229})
0.003484213122841638,frozenset({44765})
0.001911692155895412,frozenset({32156})
0.002281697089294524,frozenset({25544})
0.002358781450419339,frozenset({17835})
0.001911692155895412,frozenset({30183})
0.0018654415392205229,frozenset({43409})
0.002266280217069561,frozenset({45681})
0.003052540700542674,frozenset({28476})
0.002327947705969413,frozenset({23516})
0.003515046867291564,frozenset({38164})
0.004609644795263937,frozenset({6873})
0.0026517020226936357,frozenset({11440})
0.002435865811544154,frozenset({32455})
0.002127528367044894,frozenset({24535})
0.001572520966946226,frozenset({24390})
0.001603354711396152,frozenset({3020})
0.003931302417365565,frozenset({19019})
0.0032683769116921557,frozenset({9825})
0.001572520966946226,frozenset({31231})
0.002867538233843118,frozenset({41400})
0.002528367044893932,frozenset({36389})
0.0024975333004440057,frozenset({46149})
0.001819190922545634,frozenset({10151})
0.002512950172668969,frozenset({581})
0.001957942772570301,frozenset({34668})
0.00277503700049334,frozenset({46041})
0.001665022200296004,frozenset({44795})
0.002096694622594968,frozenset({5337})
0.002096694622594968,frozenset({23765})
0.0015416872224963,frozenset({20670})
0.00339171188949186,frozenset({34466})
0.0032221262950172668,frozenset({46584})
0.003946719289590528,frozenset({21333})
0.001772940305870745,frozenset({1217})
0.002281697089294524,frozenset({8479})
0.003206709422792304,frozenset({32465})
0.00185002466699556,frozenset({42475})
0.001665022200296004,frozenset({33351})
0.00200419338924519,frozenset({49247})
0.001587937839171189,frozenset({35989})
0.002096694622594968,frozenset({3397})
0.001603354711396152,frozenset({39430})
0.001957942772570301,frozenset({16290})
0.002127528367044894,frozenset({20580})
0.001927109028120375,frozenset({27196})
0.002281697089294524,frozenset({21417})
0.003992969906265417,frozenset({14218})
0.002358781450419339,frozenset({13292})
0.002019610261470153,frozenset({10895})
0.001927109028120375,frozenset({44245})
0.0032221262950172668,frozenset({43662})
0.001742106561420819,frozenset({26047})
0.002250863344844598,frozenset({10621})
0.003437962506166749,frozenset({4656})
0.002867538233843118,frozenset({45948})
0.002019610261470153,frozenset({34134})
0.001819190922545634,frozenset({13225})
0.002127528367044894,frozenset({38028})
0.001988776517020227,frozenset({13712})
0.0026054514060187468,frozenset({31981})
0.001819190922545634,frozenset({35199})
0.001572520966946226,frozenset({30340})
0.001603354711396152,frozenset({25043})
0.0024975333004440057,frozenset({14999})
0.002543783917118895,frozenset({6489})
0.002713369511593488,frozenset({48171})
0.002281697089294524,frozenset({17224})
0.0016341884558460779,frozenset({1559})
0.002667118894918599,frozenset({30639})
0.001927109028120375,frozenset({38274})
0.002451282683769117,frozenset({20754})
0.002327947705969413,frozenset({49533})
0.001757523433645782,frozenset({46088})
0.002235446472619635,frozenset({6532})
0.001649605328071041,frozenset({15386})
0.002451282683769117,frozenset({24622})
0.0021891958559447458,frozenset({16283})
0.00169585594474593,frozenset({21077})
0.001680439072520967,frozenset({47229})
0.002112111494819931,frozenset({5031})
0.00185002466699556,frozenset({22556})
0.0019425259003453378,frozenset({33716})
0.001772940305870745,frozenset({45013})
0.001665022200296004,frozenset({12779})
0.001572520966946226,frozenset({8590})
0.002050444005920079,frozenset({4796})
0.002297113961519487,frozenset({47877})
0.00169585594474593,frozenset({39024})
0.002081277750370005,frozenset({8025})
0.001618771583621115,frozenset({26032})
0.002235446472619635,frozenset({24235})
0.001988776517020227,frozenset({9421})
0.002250863344844598,frozenset({4006})
0.001819190922545634,frozenset({27179})
0.002065860878145042,frozenset({15359})
0.0028058707449432657,frozenset({41065})
0.001618771583621115,frozenset({42731})
0.001819190922545634,frozenset({36127})
0.0015571040947212629,frozenset({30480})
0.001772940305870745,frozenset({18337})
0.00200419338924519,frozenset({16617})
0.0015571040947212629,frozenset({26315})
0.0015571040947212629,frozenset({34335})
0.001603354711396152,frozenset({23322})
0.0016341884558460779,frozenset({33065})
0.001757523433645782,frozenset({20561})
0.001587937839171189,frozenset({25072})
0.0017112728169708929,frozenset({7916})
0.001603354711396152,frozenset({38374})
0.0015571040947212629,frozenset({44487})
0.018423162308830784,"frozenset({13176, 47209})"
0.011485569807597434,"frozenset({47209, 21137})"
0.009188455846077947,"frozenset({47209, 21903})"
0.005673408978786384,"frozenset({47209, 47626})"
0.007523433645781944,"frozenset({47209, 24852})"
0.00539590527873705,"frozenset({13176, 47209, 21137})"
0.0035767143561914157,"frozenset({13176, 47209, 21903})"
0.0024975333004440057,"frozenset({47209, 21137, 21903})"
0.001572520966946226,"frozenset({13176, 47209, 47626})"
0.001726689689195856,"frozenset({47209, 21137, 24852})"
0.004763813517513567,"frozenset({13176, 22035})"
0.00231253083374445,"frozenset({47209, 22035})"
0.0035767143561914157,"frozenset({22035, 24852})"
0.001973359644795264,"frozenset({22035, 47766})"
0.00400838677849038,"frozenset({21137, 22035})"
0.002451282683769117,"frozenset({22035, 27845})"
0.001603354711396152,"frozenset({22035, 30391})"
0.002050444005920079,"frozenset({22035, 21903})"
0.002112111494819931,"frozenset({22035, 27966})"
0.001587937839171189,"frozenset({13176, 21137, 22035})"
0.0018654415392205229,"frozenset({13176, 10246})"
0.001772940305870745,"frozenset({10246, 21903})"
0.006274666995559941,"frozenset({46979, 24852})"
0.004917982239763197,"frozenset({21137, 46979})"
0.005596324617661569,"frozenset({47626, 46979})"
0.00539590527873705,"frozenset({46979, 21903})"
0.0030833744449926,"frozenset({26209, 46979})"
0.002636285150468673,"frozenset({46979, 30391})"
0.0019425259003453378,"frozenset({39275, 46979})"
0.005765910212136162,"frozenset({13176, 46979})"
0.00246669955599408,"frozenset({46979, 8518})"
0.002420448939319191,"frozenset({46979, 27966})"
0.003129625061667489,"frozenset({47209, 46979})"
0.003900468672915639,"frozenset({46979, 47766})"
0.0021891958559447458,"frozenset({46979, 16797})"
0.002096694622594968,"frozenset({46979, 27845})"
0.002667118894918599,"frozenset({46979, 24964})"
0.001757523433645782,"frozenset({4920, 46979})"
0.002281697089294524,"frozenset({46979, 22935})"
0.001649605328071041,"frozenset({47626, 46979, 24852})"
0.001772940305870745,"frozenset({49235, 27845})"
0.003669215589541194,"frozenset({13176, 49235})"
0.0017883571780957079,"frozenset({47626, 49235})"
0.003869634928465713,"frozenset({49235, 24852})"
0.0017112728169708929,"frozenset({49235, 21903})"
0.002836704489393192,"frozenset({21137, 49235})"
0.001572520966946226,"frozenset({49235, 27966})"
0.002081277750370005,"frozenset({46979, 48679})"
0.0053034040453872715,"frozenset({13176, 48679})"
0.003175875678342378,"frozenset({47626, 48679})"
0.002250863344844598,"frozenset({48679, 30391})"
0.0015571040947212629,"frozenset({8424, 48679})"
0.00323754316724223,"frozenset({47209, 48679})"
0.004763813517513567,"frozenset({48679, 21903})"
0.004255056734089788,"frozenset({24852, 48679})"
0.003515046867291564,"frozenset({21137, 48679})"
0.00262086827824371,"frozenset({26209, 48679})"
0.002327947705969413,"frozenset({24964, 48679})"
0.001618771583621115,"frozenset({4605, 48679})"
0.00246669955599408,"frozenset({8518, 48679})"
0.002235446472619635,"frozenset({27966, 48679})"
0.003252960039467193,"frozenset({47766, 48679})"
0.001927109028120375,"frozenset({31717, 48679})"
0.001834607794770597,"frozenset({27845, 48679})"
0.0026517020226936357,"frozenset({22935, 48679})"
0.0017112728169708929,"frozenset({5876, 48679})"
0.00169585594474593,"frozenset({40706, 48679})"
0.001819190922545634,"frozenset({27104, 48679})"
0.001572520966946226,"frozenset({19660, 24852})"
0.0016341884558460779,"frozenset({19660, 21903})"
0.003484213122841638,"frozenset({13176, 19660})"
0.004301307350764677,"frozenset({21616, 13176})"
0.002204612728169709,"frozenset({21616, 24964})"
0.004301307350764677,"frozenset({21616, 21903})"
0.0037308830784410457,"frozenset({21616, 47626})"
0.004255056734089788,"frozenset({21616, 24852})"
0.0024975333004440057,"frozenset({21616, 26209})"
0.002297113961519487,"frozenset({21616, 8518})"
0.001603354711396152,"frozenset({21616, 31717})"
0.0033762950172668968,"frozenset({21616, 47766})"
0.00169585594474593,"frozenset({21616, 46979})"
0.003098791317217563,"frozenset({21616, 21137})"
0.0026054514060187468,"frozenset({21616, 47209})"
0.002482116428219043,"frozenset({21616, 40706})"
0.001973359644795264,"frozenset({21616, 30391})"
0.0017883571780957079,"frozenset({21616, 5876})"
0.001880858411445486,"frozenset({21616, 22935})"
0.001819190922545634,"frozenset({21616, 27966})"
0.003653798717316231,"frozenset({28842, 24852})"
0.002435865811544154,"frozenset({28842, 47766})"
0.004147138628515047,"frozenset({26209, 28842})"
0.0017883571780957079,"frozenset({28842, 4605})"
0.0015571040947212629,"frozenset({28842, 21903})"
0.0031142081894425257,"frozenset({28842, 47626})"
0.013721016280217069,"frozenset({13176, 27966})"
0.013104341391218549,"frozenset({21137, 27966})"
0.007770103601381351,"frozenset({47209, 27966})"
0.007014676862358165,"frozenset({24852, 27966})"
0.005950912678835718,"frozenset({27966, 21903})"
0.003437962506166749,"frozenset({26209, 27966})"
0.00400838677849038,"frozenset({47626, 27966})"
0.003638381845091268,"frozenset({47766, 27966})"
0.001957942772570301,"frozenset({16797, 27966})"
0.005164652195362605,"frozenset({13176, 21137, 27966})"
0.004224222989639862,"frozenset({13176, 47209, 27966})"
0.003021706956092748,"frozenset({47209, 21137, 27966})"
0.001880858411445486,"frozenset({13176, 47209, 21137, 27966})"
0.002327947705969413,"frozenset({21137, 24852, 27966})"
0.00215836211149482,"frozenset({21137, 27966, 21903})"
0.002543783917118895,"frozenset({13176, 27966, 21903})"
0.00755426739023187,"frozenset({13176, 22935})"
0.003021706956092748,"frozenset({27966, 22935})"
0.0043783917118894915,"frozenset({47626, 22935})"
0.005596324617661569,"frozenset({47209, 22935})"
0.0051029847064627525,"frozenset({21137, 22935})"
0.005889245189935866,"frozenset({22935, 21903})"
0.003252960039467193,"frozenset({22935, 30391})"
0.001726689689195856,"frozenset({39275, 22935})"
0.004285890478539714,"frozenset({26209, 22935})"
0.003561297483966453,"frozenset({47766, 22935})"
0.002327947705969413,"frozenset({27845, 22935})"
0.0052109028120374936,"frozenset({24852, 22935})"
0.002297113961519487,"frozenset({13176, 47209, 22935})"
0.001927109028120375,"frozenset({13176, 21137, 22935})"
0.0016341884558460779,"frozenset({13176, 22935, 21903})"
0.007230513073507647,"frozenset({13176, 24964})"
0.0065367538233843114,"frozenset({24964, 22935})"
0.003006290083867785,"frozenset({24964, 27966})"
0.004763813517513567,"frozenset({26209, 24964})"
0.0064442525900345335,"frozenset({24964, 21903})"
0.005627158362111495,"frozenset({24964, 24852})"
0.00508756783423779,"frozenset({21137, 24964})"
0.0051954859398125304,"frozenset({47209, 24964})"
0.0059200789343857915,"frozenset({47626, 24964})"
0.004424642328564381,"frozenset({24964, 47766})"
0.0026054514060187468,"frozenset({24964, 27845})"
0.003283793783917119,"frozenset({24964, 30391})"
0.002019610261470153,"frozenset({13176, 24964, 22935})"
0.001572520966946226,"frozenset({26209, 47626, 24964})"
0.0017112728169708929,"frozenset({22935, 24964, 21903})"
0.001649605328071041,"frozenset({13176, 24964, 21903})"
0.001572520966946226,"frozenset({24964, 47626, 24852})"
0.001911692155895412,"frozenset({13176, 21137, 24964})"
0.002050444005920079,"frozenset({13176, 47209, 24964})"
0.0040700542673902315,"frozenset({24964, 34126})"
0.003900468672915639,"frozenset({13176, 34126})"
0.003129625061667489,"frozenset({34126, 22935})"
0.001618771583621115,"frozenset({34126, 27966})"
0.0028058707449432657,"frozenset({31717, 34126})"
0.002713369511593488,"frozenset({21137, 34126})"
0.0021891958559447458,"frozenset({34126, 30391})"
0.001572520966946226,"frozenset({21616, 34126})"
0.003761716822890972,"frozenset({47626, 34126})"
0.00339171188949186,"frozenset({34126, 21903})"
0.002374198322644302,"frozenset({26209, 34126})"
0.001757523433645782,"frozenset({46979, 34126})"
0.002543783917118895,"frozenset({24852, 34126})"
0.002220029600394672,"frozenset({47209, 34126})"
0.002081277750370005,"frozenset({8518, 34126})"
0.001834607794770597,"frozenset({34126, 47766})"
0.001680439072520967,"frozenset({4605, 34126})"
0.002112111494819931,"frozenset({5876, 34126})"
0.004717562900838678,"frozenset({13176, 35951})"
0.003468796250616675,"frozenset({35951, 21903})"
0.002297113961519487,"frozenset({24852, 35951})"
0.001680439072520967,"frozenset({47766, 35951})"
0.002528367044893932,"frozenset({47209, 35951})"
0.002559200789343858,"frozenset({21137, 35951})"
0.00277503700049334,"frozenset({13176, 27344})"
0.002728786383818451,"frozenset({27344, 21137})"
0.003037123828317711,"frozenset({27344, 24852})"
0.0018654415392205229,"frozenset({27344, 21903})"
0.002096694622594968,"frozenset({13176, 36695})"
0.0015416872224963,"frozenset({47209, 36695})"
0.0015416872224963,"frozenset({21137, 36695})"
0.005966329551060681,"frozenset({47209, 5876})"
0.0035767143561914157,"frozenset({26209, 5876})"
0.005133818450912679,"frozenset({21137, 5876})"
0.0033762950172668968,"frozenset({5876, 22935})"
0.003515046867291564,"frozenset({5876, 30391})"
0.004440059200789344,"frozenset({5876, 21903})"
0.003453379378391712,"frozenset({5876, 27966})"
0.0029137888505180068,"frozenset({5876, 24852})"
0.008201776023680316,"frozenset({13176, 5876})"
0.002821287617168229,"frozenset({5876, 8518})"
0.002081277750370005,"frozenset({46979, 5876})"
0.003792550567340898,"frozenset({5876, 24964})"
0.0020350271336951158,"frozenset({5876, 47766})"
0.001896275283670449,"frozenset({40706, 5876})"
0.001772940305870745,"frozenset({39275, 5876})"
0.002682535767143562,"frozenset({13176, 47209, 5876})"
0.001618771583621115,"frozenset({47209, 21137, 5876})"
0.0021891958559447458,"frozenset({13176, 21137, 5876})"
0.001680439072520967,"frozenset({13176, 5876, 30391})"
0.001742106561420819,"frozenset({13176, 5876, 21903})"
0.001726689689195856,"frozenset({13176, 5876, 27966})"
0.002713369511593488,"frozenset({27104, 47209})"
0.004054637395165269,"frozenset({27104, 24852})"
0.003622964972866305,"frozenset({27104, 21903})"
0.004362974839664529,"frozenset({27104, 13176})"
0.003792550567340898,"frozenset({27104, 21137})"
0.002204612728169709,"frozenset({27104, 30391})"
0.001803774050320671,"frozenset({27104, 8518})"
0.002281697089294524,"frozenset({27104, 22935})"
0.002250863344844598,"frozenset({27104, 26209})"
0.001649605328071041,"frozenset({27104, 40706})"
0.002512950172668969,"frozenset({27104, 24964})"
0.002096694622594968,"frozenset({27104, 27966})"
0.001834607794770597,"frozenset({27104, 46979})"
0.002790453872718303,"frozenset({27104, 47766})"
0.002697952639368525,"frozenset({27104, 47626})"
0.001772940305870745,"frozenset({27104, 31717})"
0.02394240256536754,"frozenset({13176, 21137})"
0.01686605821410952,"frozenset({21137, 24852})"
0.0032683769116921557,"frozenset({13176, 17794})"
0.002790453872718303,"frozenset({21137, 17794})"
0.003191292550567341,"frozenset({17794, 21903})"
0.002975456339417859,"frozenset({47626, 17794})"
0.002590034533793784,"frozenset({26209, 17794})"
0.004224222989639862,"frozenset({17794, 24852})"
0.00277503700049334,"frozenset({17794, 24964})"
0.001927109028120375,"frozenset({17794, 8518})"
0.002173778983719783,"frozenset({17794, 4605})"
0.002744203256043414,"frozenset({17794, 22935})"
0.002065860878145042,"frozenset({17794, 47766})"
0.0017883571780957079,"frozenset({17794, 31717})"
0.0015416872224963,"frozenset({17794, 5876})"
0.0015416872224963,"frozenset({17794, 30391})"
0.002050444005920079,"frozenset({47209, 17794})"
0.001665022200296004,"frozenset({13176, 11182})"
0.00169585594474593,"frozenset({24852, 11182})"
0.001665022200296004,"frozenset({24852, 43772})"
0.0015571040947212629,"frozenset({24852, 37766})"
0.002081277750370005,"frozenset({11520, 21903})"
0.002728786383818451,"frozenset({11520, 21137})"
0.001880858411445486,"frozenset({11520, 47209})"
0.002220029600394672,"frozenset({11520, 24852})"
0.003206709422792304,"frozenset({11520, 13176})"
0.001834607794770597,"frozenset({11520, 47766})"
0.001772940305870745,"frozenset({11520, 47626})"
0.001742106561420819,"frozenset({33000, 21137})"
0.002173778983719783,"frozenset({33000, 13176})"
0.0016341884558460779,"frozenset({33000, 24852})"
0.00843302910705476,"frozenset({13176, 47626})"
0.009604711396151948,"frozenset({47626, 21903})"
0.008186359151455352,"frozenset({21137, 47626})"
0.016526887025160336,"frozenset({47626, 24852})"
0.001834607794770597,"frozenset({13176, 47626, 21903})"
0.0028058707449432657,"frozenset({47626, 24852, 21903})"
0.001742106561420819,"frozenset({21137, 47626, 21903})"
0.002127528367044894,"frozenset({13176, 21137, 47626})"
0.002420448939319191,"frozenset({21137, 47626, 24852})"
0.002127528367044894,"frozenset({31506, 47626})"
0.001973359644795264,"frozenset({21137, 31506})"
0.002728786383818451,"frozenset({31506, 24852})"
0.00185002466699556,"frozenset({31506, 21903})"
0.002389615194869265,"frozenset({13176, 31506})"
0.001896275283670449,"frozenset({14992, 47626})"
0.0026517020226936357,"frozenset({14992, 24852})"
0.0056117414898865315,"frozenset({42265, 21137})"
0.006243833251110015,"frozenset({13176, 42265})"
0.002235446472619635,"frozenset({4920, 42265})"
0.003330044400592008,"frozenset({42265, 47209})"
0.0056117414898865315,"frozenset({42265, 24852})"
0.002790453872718303,"frozenset({42265, 39275})"
0.0027596201282683768,"frozenset({42265, 30391})"
0.001988776517020227,"frozenset({42265, 26209})"
0.001572520966946226,"frozenset({42265, 22935})"
0.001957942772570301,"frozenset({42265, 27845})"
0.005010483473112975,"frozenset({42265, 21903})"
0.001957942772570301,"frozenset({42265, 8518})"
0.0035304637395165268,"frozenset({42265, 47626})"
0.002451282683769117,"frozenset({42265, 27966})"
0.002975456339417859,"frozenset({42265, 47766})"
0.002250863344844598,"frozenset({42265, 40706})"
0.002574617661568821,"frozenset({42265, 16797})"
0.002065860878145042,"frozenset({13176, 42265, 21137})"
0.0015571040947212629,"frozenset({13176, 42265, 21903})"
0.00416255550074001,"frozenset({21137, 31717})"
0.007292180562407499,"frozenset({26209, 31717})"
0.004039220522940306,"frozenset({31717, 47766})"
0.004810064134188456,"frozenset({31717, 21903})"
0.004671312284163789,"frozenset({24852, 31717})"
0.002420448939319191,"frozenset({5876, 31717})"
0.0021891958559447458,"frozenset({31717, 27966})"
0.002821287617168229,"frozenset({31717, 30391})"
0.003499629995066601,"frozenset({31717, 22935})"
0.002065860878145042,"frozenset({40706, 31717})"
0.005365071534287124,"frozenset({13176, 31717})"
0.00416255550074001,"frozenset({31717, 8518})"
0.004054637395165269,"frozenset({24964, 31717})"
0.003946719289590528,"frozenset({47626, 31717})"
0.0016341884558460779,"frozenset({46979, 31717})"
0.001973359644795264,"frozenset({4605, 31717})"
0.003484213122841638,"frozenset({47209, 31717})"
0.001680439072520967,"frozenset({26209, 31717, 47766})"
0.0015416872224963,"frozenset({26209, 31717, 21903})"
0.001587937839171189,"frozenset({26209, 24852, 31717})"
0.0017112728169708929,"frozenset({26209, 47626, 31717})"
0.003145041933892452,"frozenset({8424, 21137})"
0.004023803650715343,"frozenset({8424, 47626})"
0.0026054514060187468,"frozenset({8424, 13176})"
0.002050444005920079,"frozenset({8424, 30391})"
0.0041779723729649726,"frozenset({8424, 21903})"
0.002559200789343858,"frozenset({8424, 46979})"
0.002435865811544154,"frozenset({8424, 26209})"
0.001880858411445486,"frozenset({8424, 24184})"
0.001618771583621115,"frozenset({8424, 22935})"
0.002451282683769117,"frozenset({8424, 16797})"
0.0035304637395165268,"frozenset({8424, 47766})"
0.001834607794770597,"frozenset({8424, 8518})"
0.0017112728169708929,"frozenset({8424, 45066})"
0.0015416872224963,"frozenset({8424, 40706})"
0.007030093734583128,"frozenset({8424, 24852})"
0.002266280217069561,"frozenset({8424, 4605})"
0.001618771583621115,"frozenset({8424, 4920})"
0.001973359644795264,"frozenset({8424, 24964})"
0.001880858411445486,"frozenset({8424, 27845})"
0.0018654415392205229,"frozenset({8424, 47209})"
0.001603354711396152,"frozenset({8424, 47626, 24852})"
0.001680439072520967,"frozenset({21137, 34358})"
0.0035767143561914157,"frozenset({47626, 34358})"
0.002713369511593488,"frozenset({26209, 34358})"
0.001649605328071041,"frozenset({34358, 21903})"
0.003052540700542674,"frozenset({24852, 34358})"
0.0017883571780957079,"frozenset({13176, 34358})"
0.0017112728169708929,"frozenset({34358, 47766})"
0.002173778983719783,"frozenset({4605, 34358})"
0.0017883571780957079,"frozenset({8518, 34358})"
0.0017883571780957079,"frozenset({13176, 21405})"
0.0015571040947212629,"frozenset({47626, 9387})"
0.003453379378391712,"frozenset({9387, 24852})"
0.001572520966946226,"frozenset({28289, 21903})"
0.005056734089787864,"frozenset({43961, 24852})"
0.003160458806117415,"frozenset({43961, 21903})"
0.002250863344844598,"frozenset({43961, 47209})"
0.003977553034040454,"frozenset({43961, 21137})"
0.001757523433645782,"frozenset({26209, 43961})"
0.004517143561914159,"frozenset({13176, 43961})"
0.001911692155895412,"frozenset({43961, 47626})"
0.002420448939319191,"frozenset({43961, 47766})"
0.001911692155895412,"frozenset({43961, 27966})"
0.0017112728169708929,"frozenset({43961, 30391})"
0.001957942772570301,"frozenset({43961, 30489})"
0.00215836211149482,"frozenset({5450, 27966})"
0.006583004440059201,"frozenset({5450, 24852})"
0.003761716822890972,"frozenset({21137, 5450})"
0.001587937839171189,"frozenset({5450, 46979})"
0.002574617661568821,"frozenset({26209, 5450})"
0.001680439072520967,"frozenset({5450, 30391})"
0.001572520966946226,"frozenset({5450, 31717})"
0.001757523433645782,"frozenset({5450, 4605})"
0.001572520966946226,"frozenset({4920, 5450})"
0.003869634928465713,"frozenset({13176, 5450})"
0.003160458806117415,"frozenset({5450, 21903})"
0.001757523433645782,"frozenset({5450, 28204})"
0.0030679575727676368,"frozenset({5450, 47626})"
0.001665022200296004,"frozenset({5450, 27845})"
0.0034225456339417857,"frozenset({19057, 27966})"
0.00524173655648742,"frozenset({19057, 21137})"
0.001911692155895412,"frozenset({19057, 22935})"
0.007924272323630981,"frozenset({13176, 19057})"
0.004147138628515047,"frozenset({19057, 47209})"
0.003653798717316231,"frozenset({19057, 21903})"
0.001834607794770597,"frozenset({19057, 5876})"
0.0017883571780957079,"frozenset({19057, 27845})"
0.002590034533793784,"frozenset({19057, 30391})"
0.001572520966946226,"frozenset({19057, 24964})"
0.001819190922545634,"frozenset({19057, 47626})"
0.001649605328071041,"frozenset({19057, 42265})"
0.0035304637395165268,"frozenset({19057, 24852})"
0.001803774050320671,"frozenset({19057, 47766})"
0.001618771583621115,"frozenset({13176, 19057, 27966})"
0.002297113961519487,"frozenset({19057, 21137, 13176})"
0.002050444005920079,"frozenset({19057, 47209, 13176})"
0.001603354711396152,"frozenset({13176, 19057, 21903})"
0.00246669955599408,"frozenset({8277, 27966})"
0.005226319684262457,"frozenset({13176, 8277})"
0.0016341884558460779,"frozenset({47626, 8277})"
0.0015571040947212629,"frozenset({8277, 30391})"
0.003653798717316231,"frozenset({21137, 8277})"
0.0029137888505180068,"frozenset({47209, 8277})"
0.002990873211642822,"frozenset({24852, 8277})"
0.002374198322644302,"frozenset({8277, 21903})"
0.0015416872224963,"frozenset({8277, 47766})"
0.001572520966946226,"frozenset({13176, 21137, 8277})"
0.001757523433645782,"frozenset({21137, 43122})"
0.0015571040947212629,"frozenset({43122, 24852})"
0.002420448939319191,"frozenset({13176, 43122})"
0.008093857918105575,"frozenset({26209, 47766})"
0.012533917118894919,"frozenset({26209, 47626})"
0.007415515540207203,"frozenset({26209, 21903})"
0.006459669462259497,"frozenset({26209, 21137})"
0.005904662062160829,"frozenset({26209, 47209})"
0.010221386285150468,"frozenset({26209, 24852})"
0.00740009866798224,"frozenset({13176, 26209})"
0.0031142081894425257,"frozenset({26209, 16797})"
0.003206709422792304,"frozenset({26209, 47626, 47766})"
0.002898371978293044,"frozenset({26209, 24852, 47766})"
0.002744203256043414,"frozenset({26209, 47626, 21903})"
0.0019425259003453378,"frozenset({26209, 24852, 21903})"
0.001957942772570301,"frozenset({26209, 47766, 21903})"
0.002019610261470153,"frozenset({26209, 21137, 47626})"
0.0017112728169708929,"frozenset({26209, 21137, 21903})"
0.001572520966946226,"frozenset({26209, 21137, 24852})"
0.002019610261470153,"frozenset({13176, 26209, 21137})"
0.0015571040947212629,"frozenset({26209, 47626, 47209})"
0.001726689689195856,"frozenset({13176, 26209, 47209})"
0.0035767143561914157,"frozenset({26209, 47626, 24852})"
0.00185002466699556,"frozenset({13176, 26209, 21903})"
0.001988776517020227,"frozenset({13176, 26209, 47626})"
0.0043783917118894915,"frozenset({34969, 24852})"
0.001911692155895412,"frozenset({21137, 34969})"
0.002420448939319191,"frozenset({34969, 21903})"
0.001603354711396152,"frozenset({34969, 30391})"
0.002019610261470153,"frozenset({26209, 34969})"
0.001649605328071041,"frozenset({34969, 16797})"
0.002358781450419339,"frozenset({13176, 34969})"
0.003006290083867785,"frozenset({34969, 47766})"
0.0026054514060187468,"frozenset({34969, 47626})"
0.00169585594474593,"frozenset({47209, 34969})"
0.014445609274790331,"frozenset({24852, 16797})"
0.0045788110508140105,"frozenset({16797, 21903})"
0.005072150962012827,"frozenset({47626, 16797})"
0.0042704736063147505,"frozenset({16797, 47766})"
0.005750493339911199,"frozenset({13176, 16797})"
0.001973359644795264,"frozenset({47209, 16797})"
0.002019610261470153,"frozenset({47626, 24852, 16797})"
0.002065860878145042,"frozenset({24852, 16797, 47766})"
0.004732979773063641,"frozenset({24852, 29487})"
0.001665022200296004,"frozenset({16797, 29487})"
0.002420448939319191,"frozenset({26209, 29487})"
0.001618771583621115,"frozenset({4605, 29487})"
0.002204612728169709,"frozenset({47626, 29487})"
0.002096694622594968,"frozenset({47766, 29487})"
0.0017112728169708929,"frozenset({24852, 31343})"
0.007939689195855944,"frozenset({24852, 27845})"
0.007615934879131722,"frozenset({21137, 27845})"
0.008818450912678836,"frozenset({13176, 27845})"
0.005365071534287124,"frozenset({27845, 21903})"
0.0037308830784410457,"frozenset({27845, 47766})"
0.003622964972866305,"frozenset({47209, 27845})"
0.003777133695115935,"frozenset({47626, 27845})"
0.002297113961519487,"frozenset({27845, 16797})"
0.0032683769116921557,"frozenset({27845, 27966})"
0.002451282683769117,"frozenset({26209, 27845})"
0.00185002466699556,"frozenset({21137, 24852, 27845})"
0.002852121361618155,"frozenset({13176, 21137, 27845})"
0.0015571040947212629,"frozenset({13176, 27845, 21903})"
0.0015416872224963,"frozenset({24852, 27845, 21903})"
0.001587937839171189,"frozenset({13176, 47209, 27845})"
0.003761716822890972,"frozenset({21137, 37067})"
0.002882955106068081,"frozenset({47209, 37067})"
0.001587937839171189,"frozenset({37067, 27845})"
0.001742106561420819,"frozenset({37067, 30391})"
0.001988776517020227,"frozenset({37067, 27966})"
0.002852121361618155,"frozenset({37067, 21903})"
0.002266280217069561,"frozenset({13176, 28199})"
0.001772940305870745,"frozenset({21137, 28199})"
0.003468796250616675,"frozenset({24852, 28199})"
0.015123951652688702,"frozenset({24852, 21903})"
0.012379748396645289,"frozenset({21137, 21903})"
0.016665638875185,"frozenset({13176, 21903})"
0.002744203256043414,"frozenset({21137, 24852, 21903})"
0.00431672422298964,"frozenset({13176, 21137, 21903})"
0.0063363344844597925,"frozenset({24184, 24852})"
0.003468796250616675,"frozenset({24184, 21903})"
0.002898371978293044,"frozenset({24184, 13176})"
0.0018654415392205229,"frozenset({24184, 24964})"
0.00185002466699556,"frozenset({24184, 47209})"
0.003191292550567341,"frozenset({24184, 26209})"
0.0024975333004440057,"frozenset({24184, 21137})"
0.002374198322644302,"frozenset({24184, 22935})"
0.002235446472619635,"frozenset({24184, 8518})"
0.003638381845091268,"frozenset({24184, 47626})"
0.003499629995066601,"frozenset({24184, 47766})"
0.001911692155895412,"frozenset({24184, 30391})"
0.001957942772570301,"frozenset({24184, 16797})"
0.002142945239269857,"frozenset({24184, 46979})"
0.001649605328071041,"frozenset({24184, 31717})"
0.001665022200296004,"frozenset({24184, 40706})"
0.002142945239269857,"frozenset({24184, 4605})"
0.001665022200296004,"frozenset({13176, 42701})"
0.001772940305870745,"frozenset({24852, 42342})"
0.001603354711396152,"frozenset({38456, 24852})"
0.009882215096201283,"frozenset({13176, 30391})"
0.00550382338431179,"frozenset({47626, 30391})"
0.00790885545140602,"frozenset({21137, 30391})"
0.0069530093734583125,"frozenset({30391, 21903})"
0.004023803650715343,"frozenset({26209, 30391})"
0.002821287617168229,"frozenset({39275, 30391})"
0.00632091761223483,"frozenset({47209, 30391})"
0.002081277750370005,"frozenset({16797, 30391})"
0.0066446719289590525,"frozenset({24852, 30391})"
0.004532560434139122,"frozenset({27966, 30391})"
0.004440059200789344,"frozenset({47766, 30391})"
0.002482116428219043,"frozenset({27845, 30391})"
0.001757523433645782,"frozenset({47626, 24852, 30391})"
0.00323754316724223,"frozenset({13176, 21137, 30391})"
0.001911692155895412,"frozenset({30391, 21137, 21903})"
0.002528367044893932,"frozenset({13176, 30391, 21903})"
0.001880858411445486,"frozenset({47209, 21137, 30391})"
0.002667118894918599,"frozenset({13176, 47209, 30391})"
0.001649605328071041,"frozenset({30391, 47209, 21903})"
0.002081277750370005,"frozenset({13176, 27966, 30391})"
0.001834607794770597,"frozenset({21137, 27966, 30391})"
0.010745559940799211,"frozenset({47766, 21903})"
0.017035643808584116,"frozenset({24852, 47766})"
0.008679699062654169,"frozenset({21137, 47766})"
0.008340527873704982,"frozenset({13176, 47766})"
0.010360138135175136,"frozenset({47626, 47766})"
0.003515046867291564,"frozenset({24852, 47766, 21903})"
0.00277503700049334,"frozenset({21137, 24852, 47766})"
0.001880858411445486,"frozenset({21137, 47766, 21903})"
0.00185002466699556,"frozenset({21137, 47626, 47766})"
0.002142945239269857,"frozenset({13176, 47766, 21903})"
0.00231253083374445,"frozenset({13176, 21137, 47766})"
0.0027596201282683768,"frozenset({47626, 47766, 21903})"
0.0035767143561914157,"frozenset({47626, 24852, 47766})"
0.001973359644795264,"frozenset({21137, 5785})"
0.002281697089294524,"frozenset({5785, 24852})"
0.0026517020226936357,"frozenset({13176, 5785})"
0.00200419338924519,"frozenset({46676, 24852})"
0.002096694622594968,"frozenset({13176, 38689})"
0.002697952639368525,"frozenset({38689, 24852})"
0.002173778983719783,"frozenset({21137, 38689})"
0.002528367044893932,"frozenset({21137, 27086})"
0.001757523433645782,"frozenset({47626, 27086})"
0.00169585594474593,"frozenset({47209, 27086})"
0.0038388011840157867,"frozenset({24852, 27086})"
0.0018654415392205229,"frozenset({27086, 21903})"
0.003052540700542674,"frozenset({13176, 27086})"
0.001680439072520967,"frozenset({27086, 47766})"
0.00292920572274297,"frozenset({21938, 21903})"
0.002636285150468673,"frozenset({26209, 21938})"
0.002235446472619635,"frozenset({21137, 21938})"
0.00215836211149482,"frozenset({47209, 21938})"
0.00169585594474593,"frozenset({21938, 30391})"
0.0026517020226936357,"frozenset({21938, 47626})"
0.002281697089294524,"frozenset({21938, 8518})"
0.0020350271336951158,"frozenset({21938, 24964})"
0.00169585594474593,"frozenset({21938, 31717})"
0.0029137888505180068,"frozenset({13176, 21938})"
0.002451282683769117,"frozenset({21938, 22935})"
0.004609644795263937,"frozenset({21938, 24852})"
0.002112111494819931,"frozenset({21938, 4605})"
0.003746299950666009,"frozenset({24184, 21938})"
0.00246669955599408,"frozenset({21938, 47766})"
0.002327947705969413,"frozenset({31553, 47626})"
0.0017112728169708929,"frozenset({31553, 26209})"
0.002173778983719783,"frozenset({31553, 24852})"
0.003946719289590528,"frozenset({44632, 13176})"
0.0024975333004440057,"frozenset({44632, 47626})"
0.002682535767143562,"frozenset({44632, 21137})"
0.002127528367044894,"frozenset({44632, 21903})"
0.002590034533793784,"frozenset({44632, 47766})"
0.001834607794770597,"frozenset({44632, 26209})"
0.002112111494819931,"frozenset({44632, 47209})"
0.005133818450912679,"frozenset({44632, 24852})"
0.001587937839171189,"frozenset({44632, 27966})"
0.002050444005920079,"frozenset({13176, 38739})"
0.001726689689195856,"frozenset({47626, 38739})"
0.00277503700049334,"frozenset({38739, 24852})"
0.001726689689195856,"frozenset({13176, 25890})"
0.002944622594967933,"frozenset({25890, 21903})"
0.004547977306364085,"frozenset({25890, 24852})"
0.002852121361618155,"frozenset({25890, 47766})"
0.0018654415392205229,"frozenset({26209, 25890})"
0.002713369511593488,"frozenset({25890, 47626})"
0.002250863344844598,"frozenset({21137, 25890})"
0.001772940305870745,"frozenset({25890, 4605})"
0.0027596201282683768,"frozenset({13176, 7781})"
0.002220029600394672,"frozenset({24852, 7781})"
0.002358781450419339,"frozenset({21137, 7781})"
0.001757523433645782,"frozenset({24852, 38293})"
0.0016341884558460779,"frozenset({38293, 21903})"
0.002744203256043414,"frozenset({28849, 24852})"
0.002112111494819931,"frozenset({28849, 21903})"
0.001603354711396152,"frozenset({26209, 28849})"
0.002081277750370005,"frozenset({28849, 47766})"
0.002081277750370005,"frozenset({42768, 13176})"
0.00169585594474593,"frozenset({42768, 21903})"
0.001603354711396152,"frozenset({42768, 24852})"
0.001973359644795264,"frozenset({21137, 22963})"
0.001726689689195856,"frozenset({47209, 22963})"
0.002559200789343858,"frozenset({13176, 22963})"
0.001649605328071041,"frozenset({22963, 24852})"
0.0015416872224963,"frozenset({36011, 24852})"
0.002821287617168229,"frozenset({8193, 24852})"
0.0064442525900345335,"frozenset({4920, 13176})"
0.001587937839171189,"frozenset({4920, 24964})"
0.008988036507153428,"frozenset({4920, 24852})"
0.00612049827331031,"frozenset({4920, 21137})"
0.003777133695115935,"frozenset({4920, 47766})"
0.0023433645781943757,"frozenset({4920, 27845})"
0.002250863344844598,"frozenset({4920, 27966})"
0.002019610261470153,"frozenset({4920, 30391})"
0.003900468672915639,"frozenset({4920, 47626})"
0.003792550567340898,"frozenset({4920, 21903})"
0.00246669955599408,"frozenset({4920, 26209})"
0.002297113961519487,"frozenset({4920, 39275})"
0.003977553034040454,"frozenset({4920, 16797})"
0.002636285150468673,"frozenset({4920, 47209})"
0.001973359644795264,"frozenset({4920, 21137, 13176})"
0.0018654415392205229,"frozenset({4920, 21137, 24852})"
0.0015571040947212629,"frozenset({4920, 24852, 16797})"
0.0029137888505180068,"frozenset({13176, 33731})"
0.001896275283670449,"frozenset({47626, 33731})"
0.0028058707449432657,"frozenset({33731, 24852})"
0.002374198322644302,"frozenset({33731, 21903})"
0.002327947705969413,"frozenset({21137, 33731})"
0.001572520966946226,"frozenset({47209, 33731})"
0.0018654415392205229,"frozenset({13176, 40604})"
0.0027596201282683768,"frozenset({40604, 24852})"
0.002512950172668969,"frozenset({40604, 21903})"
0.00169585594474593,"frozenset({21137, 40604})"
0.001680439072520967,"frozenset({40604, 8518})"
0.002142945239269857,"frozenset({47626, 40604})"
0.002065860878145042,"frozenset({40604, 47766})"
0.00231253083374445,"frozenset({33754, 24852})"
0.001587937839171189,"frozenset({13176, 33754})"
0.00169585594474593,"frozenset({33754, 4957})"
0.005149235323137642,"frozenset({13176, 39877})"
0.004054637395165269,"frozenset({21137, 39877})"
0.002944622594967933,"frozenset({47209, 39877})"
0.002420448939319191,"frozenset({39877, 30391})"
0.001896275283670449,"frozenset({26209, 39877})"
0.001587937839171189,"frozenset({5876, 39877})"
0.0039621361618154905,"frozenset({24852, 39877})"
0.003252960039467193,"frozenset({39877, 21903})"
0.002358781450419339,"frozenset({47626, 39877})"
0.0015416872224963,"frozenset({19057, 39877})"
0.00262086827824371,"frozenset({39877, 27966})"
0.0018654415392205229,"frozenset({39877, 47766})"
0.003515046867291564,"frozenset({13176, 46667})"
0.0035304637395165268,"frozenset({46667, 21903})"
0.002512950172668969,"frozenset({47626, 46667})"
0.002482116428219043,"frozenset({26209, 46667})"
0.00231253083374445,"frozenset({21137, 46667})"
0.002050444005920079,"frozenset({46667, 30391})"
0.002297113961519487,"frozenset({46667, 31717})"
0.0018654415392205229,"frozenset({46667, 47766})"
0.002358781450419339,"frozenset({47209, 46667})"
0.002173778983719783,"frozenset({46667, 22935})"
0.00200419338924519,"frozenset({46667, 8518})"
0.003345461272816971,"frozenset({46667, 24964})"
0.00215836211149482,"frozenset({46667, 5876})"
0.002405032067094228,"frozenset({46667, 24852})"
0.001726689689195856,"frozenset({13176, 24830})"
0.001772940305870745,"frozenset({24852, 24830})"
0.001757523433645782,"frozenset({24830, 21903})"
0.0015571040947212629,"frozenset({47766, 24830})"
0.0016341884558460779,"frozenset({13176, 46802})"
0.001834607794770597,"frozenset({46802, 21903})"
0.002220029600394672,"frozenset({46802, 24852})"
0.001726689689195856,"frozenset({13176, 38159})"
0.001618771583621115,"frozenset({21137, 38159})"
0.0024975333004440057,"frozenset({21137, 12341})"
0.004255056734089788,"frozenset({13176, 12341})"
0.0017112728169708929,"frozenset({43352, 12341})"
0.002204612728169709,"frozenset({12341, 16797})"
0.002574617661568821,"frozenset({12341, 21903})"
0.001742106561420819,"frozenset({39275, 12341})"
0.005580907745436606,"frozenset({30489, 24852})"
0.003792550567340898,"frozenset({30489, 21903})"
0.00200419338924519,"frozenset({26209, 30489})"
0.0017112728169708929,"frozenset({4920, 30489})"
0.004100888011840158,"frozenset({21137, 30489})"
0.002713369511593488,"frozenset({30489, 47626})"
0.001618771583621115,"frozenset({30489, 40706})"
0.001927109028120375,"frozenset({30489, 27845})"
0.004393808584114455,"frozenset({13176, 30489})"
0.002944622594967933,"frozenset({47209, 30489})"
0.002790453872718303,"frozenset({42265, 30489})"
0.0023433645781943757,"frozenset({30489, 27966})"
0.00185002466699556,"frozenset({30489, 30391})"
0.0029137888505180068,"frozenset({30489, 47766})"
0.0038388011840157867,"frozenset({44632, 35221})"
0.001572520966946226,"frozenset({35221, 21903})"
0.002096694622594968,"frozenset({13176, 35221})"
0.003191292550567341,"frozenset({24852, 35221})"
0.001572520966946226,"frozenset({24852, 6046})"
0.002528367044893932,"frozenset({13176, 33198})"
0.002435865811544154,"frozenset({24852, 33198})"
0.003515046867291564,"frozenset({13176, 27521})"
0.002250863344844598,"frozenset({27521, 21137})"
0.001927109028120375,"frozenset({27521, 47209})"
0.001603354711396152,"frozenset({27521, 22935})"
0.002713369511593488,"frozenset({27521, 21903})"
0.002250863344844598,"frozenset({27521, 47626})"
0.001803774050320671,"frozenset({27521, 30391})"
0.00169585594474593,"frozenset({26209, 27521})"
0.00169585594474593,"frozenset({27521, 5876})"
0.002297113961519487,"frozenset({27521, 24852})"
0.00215836211149482,"frozenset({27521, 24964})"
0.001665022200296004,"frozenset({27521, 47766})"
0.0024975333004440057,"frozenset({13176, 3957})"
0.001649605328071041,"frozenset({21137, 3957})"
0.001618771583621115,"frozenset({47209, 3957})"
0.001680439072520967,"frozenset({44683, 24852})"
0.004948815984213123,"frozenset({43352, 16797})"
0.00416255550074001,"frozenset({43352, 21137})"
0.004131721756290084,"frozenset({43352, 13176})"
0.001572520966946226,"frozenset({43352, 4920})"
0.002405032067094228,"frozenset({43352, 47626})"
0.004547977306364085,"frozenset({43352, 24852})"
0.0042704736063147505,"frozenset({43352, 39275})"
0.002096694622594968,"frozenset({43352, 47766})"
0.00231253083374445,"frozenset({43352, 21903})"
0.001649605328071041,"frozenset({38400, 24852})"
0.001665022200296004,"frozenset({29987, 24852})"
0.002220029600394672,"frozenset({26209, 41950})"
0.002096694622594968,"frozenset({24964, 41950})"
0.00262086827824371,"frozenset({41950, 30391})"
0.001649605328071041,"frozenset({31717, 41950})"
0.0034225456339417857,"frozenset({41950, 21903})"
0.001757523433645782,"frozenset({41950, 47766})"
0.0030833744449926,"frozenset({24852, 41950})"
0.004054637395165269,"frozenset({21137, 41950})"
0.002220029600394672,"frozenset({41950, 22935})"
0.001896275283670449,"frozenset({5876, 41950})"
0.002327947705969413,"frozenset({8518, 41950})"
0.004856314750863345,"frozenset({13176, 41950})"
0.002266280217069561,"frozenset({47626, 41950})"
0.003931302417365565,"frozenset({47209, 41950})"
0.002065860878145042,"frozenset({41950, 27966})"
0.001618771583621115,"frozenset({13176, 47209, 41950})"
0.006521336951159349,"frozenset({40706, 21903})"
0.004501726689689196,"frozenset({47626, 40706})"
0.002898371978293044,"frozenset({26209, 40706})"
0.002358781450419339,"frozenset({40706, 22935})"
0.006505920078934386,"frozenset({40706, 24852})"
0.002019610261470153,"frozenset({40706, 27845})"
0.006690922545633942,"frozenset({13176, 40706})"
0.005118401578687716,"frozenset({40706, 47766})"
0.001957942772570301,"frozenset({4920, 40706})"
0.005735076467686236,"frozenset({21137, 40706})"
0.003021706956092748,"frozenset({40706, 8518})"
0.003823384311790824,"frozenset({40706, 30391})"
0.002327947705969413,"frozenset({40706, 24964})"
0.002374198322644302,"frozenset({40706, 39275})"
0.003777133695115935,"frozenset({47209, 40706})"
0.002836704489393192,"frozenset({40706, 27966})"
0.00246669955599408,"frozenset({40706, 46979})"
0.002050444005920079,"frozenset({40706, 16797})"
0.001834607794770597,"frozenset({13176, 40706, 21903})"
0.0016341884558460779,"frozenset({40706, 24852, 21903})"
0.001665022200296004,"frozenset({40706, 24852, 47766})"
0.001603354711396152,"frozenset({21137, 40706, 21903})"
0.00200419338924519,"frozenset({13176, 21137, 40706})"
0.00169585594474593,"frozenset({13176, 47209, 40706})"
0.001757523433645782,"frozenset({42585, 21903})"
0.002374198322644302,"frozenset({42585, 24852})"
0.0017883571780957079,"frozenset({13176, 42585})"
0.001726689689195856,"frozenset({35108, 24852})"
0.009126788357178096,"frozenset({45066, 24852})"
0.004023803650715343,"frozenset({21137, 45066})"
0.0026054514060187468,"frozenset({47209, 45066})"
0.002435865811544154,"frozenset({26209, 45066})"
0.002065860878145042,"frozenset({42265, 45066})"
0.00185002466699556,"frozenset({45066, 30391})"
0.0019425259003453378,"frozenset({45066, 27845})"
0.0045788110508140105,"frozenset({13176, 45066})"
0.002374198322644302,"frozenset({4920, 45066})"
0.002836704489393192,"frozenset({45066, 16797})"
0.00169585594474593,"frozenset({45066, 39275})"
0.001572520966946226,"frozenset({45066, 40706})"
0.0039621361618154905,"frozenset({45066, 47626})"
0.0043783917118894915,"frozenset({45066, 47766})"
0.0037308830784410457,"frozenset({45066, 21903})"
0.001819190922545634,"frozenset({45066, 46979})"
0.001957942772570301,"frozenset({45066, 27966})"
0.001587937839171189,"frozenset({45066, 24964})"
0.001603354711396152,"frozenset({45066, 4605})"
0.001757523433645782,"frozenset({45066, 24852, 47766})"
0.001572520966946226,"frozenset({14947, 24852})"
0.002297113961519487,"frozenset({21288, 43352})"
0.002204612728169709,"frozenset({21288, 16797})"
0.001834607794770597,"frozenset({31683, 24852})"
0.002127528367044894,"frozenset({13176, 19678})"
0.0016341884558460779,"frozenset({19678, 22935})"
0.002250863344844598,"frozenset({20842, 24852})"
0.00647508633448446,"frozenset({13176, 8518})"
0.004640478539713863,"frozenset({21137, 8518})"
0.004440059200789344,"frozenset({24964, 8518})"
0.004393808584114455,"frozenset({47209, 8518})"
0.00370004933399112,"frozenset({8518, 30391})"
0.005842994573260977,"frozenset({8518, 21903})"
0.005380488406512087,"frozenset({47626, 8518})"
0.00524173655648742,"frozenset({26209, 8518})"
0.004100888011840158,"frozenset({8518, 47766})"
0.003638381845091268,"frozenset({8518, 22935})"
0.0020350271336951158,"frozenset({27845, 8518})"
0.002389615194869265,"frozenset({8518, 27966})"
0.005380488406512087,"frozenset({24852, 8518})"
0.001726689689195856,"frozenset({39275, 8518})"
0.001572520966946226,"frozenset({4920, 8518})"
0.001572520966946226,"frozenset({16797, 8518})"
0.001572520966946226,"frozenset({13176, 21137, 8518})"
0.0016341884558460779,"frozenset({13176, 47209, 8518})"
0.001665022200296004,"frozenset({13176, 8518, 21903})"
0.0016341884558460779,"frozenset({26209, 47626, 8518})"
0.004717562900838678,"frozenset({13176, 22825})"
0.003746299950666009,"frozenset({22825, 21137})"
0.001603354711396152,"frozenset({22825, 47766})"
0.001572520966946226,"frozenset({22825, 37646})"
0.002636285150468673,"frozenset({22825, 47209})"
0.001803774050320671,"frozenset({22825, 30391})"
0.0033762950172668968,"frozenset({22825, 24852})"
0.00231253083374445,"frozenset({22825, 21903})"
0.002559200789343858,"frozenset({22825, 27966})"
0.0015571040947212629,"frozenset({22825, 47626})"
0.0015571040947212629,"frozenset({13176, 22825, 21137})"
0.001834607794770597,"frozenset({13176, 1463})"
0.0035767143561914157,"frozenset({13176, 16759})"
0.002297113961519487,"frozenset({47209, 16759})"
0.001988776517020227,"frozenset({24852, 16759})"
0.001726689689195856,"frozenset({47626, 16759})"
0.002266280217069561,"frozenset({21137, 16759})"
0.0018654415392205229,"frozenset({22935, 16759})"
0.001973359644795264,"frozenset({16759, 21903})"
0.001819190922545634,"frozenset({27966, 16759})"
0.001665022200296004,"frozenset({24964, 16759})"
0.004100888011840158,"frozenset({13176, 9839})"
0.002358781450419339,"frozenset({47209, 9839})"
0.002990873211642822,"frozenset({21137, 9839})"
0.001742106561420819,"frozenset({30391, 9839})"
0.001680439072520967,"frozenset({24852, 9839})"
0.00246669955599408,"frozenset({9839, 21903})"
0.0016341884558460779,"frozenset({47766, 9839})"
0.00185002466699556,"frozenset({24184, 2295})"
0.0023433645781943757,"frozenset({24852, 2295})"
0.0016341884558460779,"frozenset({47766, 2295})"
0.0016341884558460779,"frozenset({13176, 14678})"
0.0015416872224963,"frozenset({24852, 45})"
0.001587937839171189,"frozenset({39619, 24852})"
0.005133818450912679,"frozenset({24852, 37646})"
0.002420448939319191,"frozenset({27966, 37646})"
0.001803774050320671,"frozenset({39275, 37646})"
0.00632091761223483,"frozenset({13176, 37646})"
0.003561297483966453,"frozenset({37646, 21903})"
0.002127528367044894,"frozenset({26209, 37646})"
0.004517143561914159,"frozenset({21137, 37646})"
0.0017112728169708929,"frozenset({27845, 37646})"
0.001649605328071041,"frozenset({42265, 37646})"
0.0026517020226936357,"frozenset({37646, 30391})"
0.001772940305870745,"frozenset({5876, 37646})"
0.003129625061667489,"frozenset({47209, 37646})"
0.00231253083374445,"frozenset({47626, 37646})"
0.00246669955599408,"frozenset({47766, 37646})"
0.001665022200296004,"frozenset({37646, 22935})"
0.001757523433645782,"frozenset({13176, 21137, 37646})"
0.001572520966946226,"frozenset({13176, 47209, 37646})"
0.009835964479526393,"frozenset({21137, 39275})"
0.00524173655648742,"frozenset({39275, 21903})"
0.003607548100641342,"frozenset({47626, 39275})"
0.002389615194869265,"frozenset({26209, 39275})"
0.0071688455846077945,"frozenset({39275, 24852})"
0.004147138628515047,"frozenset({39275, 16797})"
0.005180069067587568,"frozenset({39275, 27966})"
0.008448445979279724,"frozenset({13176, 39275})"
0.002405032067094228,"frozenset({39275, 27845})"
0.003484213122841638,"frozenset({39275, 47766})"
0.0035304637395165268,"frozenset({47209, 39275})"
0.001649605328071041,"frozenset({21137, 39275, 21903})"
0.001880858411445486,"frozenset({21137, 39275, 24852})"
0.001680439072520967,"frozenset({13176, 39275, 27966})"
0.002235446472619635,"frozenset({21137, 39275, 27966})"
0.002867538233843118,"frozenset({13176, 21137, 39275})"
0.0021891958559447458,"frozenset({24852, 43295})"
0.001665022200296004,"frozenset({13176, 43295})"
0.002297113961519487,"frozenset({13176, 30233})"
0.001649605328071041,"frozenset({30233, 21137})"
0.0015571040947212629,"frozenset({30233, 24852})"
0.00986679822397632,"frozenset({24852, 28204})"
0.003145041933892452,"frozenset({21137, 28204})"
0.002975456339417859,"frozenset({28204, 21903})"
0.002250863344844598,"frozenset({28204, 16797})"
0.001834607794770597,"frozenset({26209, 28204})"
0.0018654415392205229,"frozenset({4920, 28204})"
0.002836704489393192,"frozenset({28204, 47766})"
0.002821287617168229,"frozenset({47626, 28204})"
0.003592131228416379,"frozenset({13176, 28204})"
0.001911692155895412,"frozenset({47209, 28204})"
0.00185002466699556,"frozenset({35939, 31717})"
0.0017883571780957079,"frozenset({26209, 35939})"
0.004948815984213123,"frozenset({21137, 26604})"
0.00200419338924519,"frozenset({47209, 26604})"
0.0018654415392205229,"frozenset({26209, 26604})"
0.0026054514060187468,"frozenset({26604, 21903})"
0.002944622594967933,"frozenset({26604, 16797})"
0.00277503700049334,"frozenset({39275, 26604})"
0.003592131228416379,"frozenset({13176, 26604})"
0.005334237789837198,"frozenset({24852, 26604})"
0.0023433645781943757,"frozenset({47626, 26604})"
0.002204612728169709,"frozenset({26604, 47766})"
0.003638381845091268,"frozenset({26604, 27966})"
0.002327947705969413,"frozenset({43352, 26604})"
0.002112111494819931,"frozenset({11777, 21137})"
0.001665022200296004,"frozenset({11777, 26604})"
0.00339171188949186,"frozenset({11777, 24852})"
0.002019610261470153,"frozenset({13176, 11777})"
0.001880858411445486,"frozenset({11777, 16797})"
0.001587937839171189,"frozenset({24852, 36070})"
0.00169585594474593,"frozenset({13176, 32655})"
0.001618771583621115,"frozenset({24852, 32655})"
0.008648865318204243,"frozenset({24852, 4605})"
0.003807967439565861,"frozenset({26209, 4605})"
0.004131721756290084,"frozenset({4605, 21903})"
0.002220029600394672,"frozenset({4605, 16797})"
0.002867538233843118,"frozenset({21137, 4605})"
0.001726689689195856,"frozenset({4605, 30391})"
0.001618771583621115,"frozenset({4920, 4605})"
0.004440059200789344,"frozenset({4605, 47766})"
0.002065860878145042,"frozenset({46979, 4605})"
0.005966329551060681,"frozenset({47626, 4605})"
0.003145041933892452,"frozenset({24964, 4605})"
0.002050444005920079,"frozenset({4605, 8518})"
0.00169585594474593,"frozenset({4605, 27845})"
0.001757523433645782,"frozenset({47209, 4605})"
0.0026054514060187468,"frozenset({13176, 4605})"
0.001618771583621115,"frozenset({24852, 4605, 47766})"
0.0020350271336951158,"frozenset({47626, 24852, 4605})"
0.002543783917118895,"frozenset({5025, 24852})"
0.001726689689195856,"frozenset({5025, 47626})"
0.00323754316724223,"frozenset({21137, 8174})"
0.002482116428219043,"frozenset({24852, 8174})"
0.0023433645781943757,"frozenset({8174, 21903})"
0.001819190922545634,"frozenset({26209, 8174})"
0.002867538233843118,"frozenset({47209, 8174})"
0.001603354711396152,"frozenset({19057, 8174})"
0.001957942772570301,"frozenset({47626, 8174})"
0.00185002466699556,"frozenset({8174, 30391})"
0.00550382338431179,"frozenset({13176, 8174})"
0.002050444005920079,"frozenset({27966, 8174})"
0.001587937839171189,"frozenset({5876, 8174})"
0.0015416872224963,"frozenset({13176, 21137, 8174})"
0.004409225456339418,"frozenset({26209, 20114})"
0.003160458806117415,"frozenset({20114, 24852})"
0.0020350271336951158,"frozenset({20114, 21903})"
0.0019425259003453378,"frozenset({13176, 20114})"
0.003006290083867785,"frozenset({20114, 47626})"
0.0024975333004440057,"frozenset({20114, 47766})"
0.002266280217069561,"frozenset({28842, 20114})"
0.002050444005920079,"frozenset({20114, 8518})"
0.002297113961519487,"frozenset({20114, 31717})"
0.001665022200296004,"frozenset({20114, 4605})"
0.001587937839171189,"frozenset({47209, 20114})"
0.002667118894918599,"frozenset({4210, 24852})"
0.001726689689195856,"frozenset({24852, 43789})"
0.0016341884558460779,"frozenset({43789, 21903})"
0.0016341884558460779,"frozenset({47626, 43789})"
0.0028058707449432657,"frozenset({39408, 24852})"
0.003299210656142082,"frozenset({41787, 24852})"
0.001896275283670449,"frozenset({24852, 48205})"
0.002574617661568821,"frozenset({42736, 24852})"
0.001680439072520967,"frozenset({42736, 47626})"
0.00169585594474593,"frozenset({13176, 5479})"
0.0019425259003453378,"frozenset({24852, 47630})"
0.001742106561420819,"frozenset({19348, 24852})"
0.0028058707449432657,"frozenset({24852, 23909})"
0.001757523433645782,"frozenset({44632, 26620})"
0.001603354711396152,"frozenset({16953, 24852})"
0.0017883571780957079,"frozenset({24852, 13870})"
0.001803774050320671,"frozenset({13176, 13870})"
0.0017112728169708929,"frozenset({13176, 46969})"
0.0016341884558460779,"frozenset({17600, 24852})"
0.001618771583621115,"frozenset({17600, 21137})"
0.001973359644795264,"frozenset({13176, 8021})"
0.0021891958559447458,"frozenset({18465, 21903})"
0.002898371978293044,"frozenset({21137, 18465})"
0.002528367044893932,"frozenset({18465, 24852})"
0.0016341884558460779,"frozenset({18465, 47626})"
0.002281697089294524,"frozenset({47209, 18465})"
0.001680439072520967,"frozenset({18465, 27966})"
0.0032683769116921557,"frozenset({13176, 18465})"
0.00169585594474593,"frozenset({21137, 41220})"
0.00200419338924519,"frozenset({13176, 41220})"
0.001803774050320671,"frozenset({24852, 41220})"
0.0019425259003453378,"frozenset({17948, 21903})"
0.002374198322644302,"frozenset({13176, 17948})"
0.001603354711396152,"frozenset({24852, 17948})"
0.002019610261470153,"frozenset({24852, 21709})"
0.002451282683769117,"frozenset({44632, 21709})"
0.002435865811544154,"frozenset({21709, 35221})"
0.0016341884558460779,"frozenset({1940, 24852})"
0.002081277750370005,"frozenset({24852, 1158})"
0.0017112728169708929,"frozenset({15937, 47626})"
0.0016341884558460779,"frozenset({39475, 24852})"
0.001803774050320671,"frozenset({13176, 40723})"
0.001772940305870745,"frozenset({25146, 24852})"
0.00200419338924519,"frozenset({13176, 4799})"
0.001957942772570301,"frozenset({21137, 4799})"
0.0018654415392205229,"frozenset({4799, 21903})"
0.002250863344844598,"frozenset({24852, 4799})"
0.001772940305870745,"frozenset({13176, 18362})"
0.002065860878145042,"frozenset({43352, 9076})"
0.001834607794770597,"frozenset({47626, 9076})"
0.001757523433645782,"frozenset({21137, 9076})"
0.005472989639861865,"frozenset({9076, 24852})"
0.002836704489393192,"frozenset({9076, 16797})"
0.0017883571780957079,"frozenset({13176, 9076})"
0.003468796250616675,"frozenset({47144, 24852})"
0.0015571040947212629,"frozenset({47144, 13176})"
0.0015416872224963,"frozenset({24852, 23734})"
0.0016341884558460779,"frozenset({21137, 42828})"
0.001834607794770597,"frozenset({42828, 24852})"
0.00215836211149482,"frozenset({13176, 42828})"
0.001587937839171189,"frozenset({24852, 40174})"
0.00185002466699556,"frozenset({36865, 28465})"
0.002512950172668969,"frozenset({21137, 46906})"
0.002512950172668969,"frozenset({13176, 46906})"
0.0015416872224963,"frozenset({46906, 47766})"
0.003175875678342378,"frozenset({46906, 24852})"
0.0015416872224963,"frozenset({46906, 21903})"
0.0016341884558460779,"frozenset({18523, 24852})"
0.0017883571780957079,"frozenset({33754, 33787})"
